scheme,arity,num_buckets,bucket_size,degree,count
segmented,2,65536,1,0,24555
segmented,2,65536,1,1,24262
segmented,2,65536,1,2,11773
segmented,2,65536,1,3,3830
segmented,2,65536,1,4,912
segmented,2,65536,1,5,169
segmented,2,65536,1,6,28
segmented,2,65536,1,7,7
standard,2,65536,1,0,23903
standard,2,65536,1,1,24015
standard,2,65536,1,2,12319
standard,2,65536,1,3,4036
standard,2,65536,1,4,1028
standard,2,65536,1,5,194
standard,2,65536,1,6,29
standard,2,65536,1,7,9
standard,2,65536,1,8,3
segmented,3,49152,1,0,3361
segmented,3,49152,1,1,8786
segmented,3,49152,1,2,12171
segmented,3,49152,1,3,10876
segmented,3,49152,1,4,7300
segmented,3,49152,1,5,3936
segmented,3,49152,1,6,1665
segmented,3,49152,1,7,716
segmented,3,49152,1,8,245
segmented,3,49152,1,9,71
segmented,3,49152,1,10,20
segmented,3,49152,1,11,5
standard,3,59049,1,0,4084
standard,3,59049,1,1,10828
standard,3,59049,1,2,14505
standard,3,59049,1,3,12923
standard,3,59049,1,4,8628
standard,3,59049,1,5,4774
standard,3,59049,1,6,2128
standard,3,59049,1,7,773
standard,3,59049,1,8,287
standard,3,59049,1,9,96
standard,3,59049,1,10,18
standard,3,59049,1,11,3
standard,3,59049,1,12,2
segmented,4,65536,1,0,1405
segmented,4,65536,1,1,5380
segmented,4,65536,1,2,10377
segmented,4,65536,1,3,13124
segmented,4,65536,1,4,12850
segmented,4,65536,1,5,9860
segmented,4,65536,1,6,6306
segmented,4,65536,1,7,3477
segmented,4,65536,1,8,1616
segmented,4,65536,1,9,713
segmented,4,65536,1,10,302
segmented,4,65536,1,11,90
segmented,4,65536,1,12,25
segmented,4,65536,1,13,7
segmented,4,65536,1,14,3
segmented,4,65536,1,15,1
standard,4,65536,1,0,1327
standard,4,65536,1,1,5340
standard,4,65536,1,2,10328
standard,4,65536,1,3,13393
standard,4,65536,1,4,12640
standard,4,65536,1,5,9846
standard,4,65536,1,6,6318
standard,4,65536,1,7,3443
standard,4,65536,1,8,1692
standard,4,65536,1,9,757
standard,4,65536,1,10,300
standard,4,65536,1,11,94
standard,4,65536,1,12,43
standard,4,65536,1,13,15
segmented,2,65536,2,0,1967
segmented,2,65536,2,1,6772
segmented,2,65536,2,2,12035
segmented,2,65536,2,3,14098
segmented,2,65536,2,4,12529
segmented,2,65536,2,5,8741
segmented,2,65536,2,6,5046
segmented,2,65536,2,7,2602
segmented,2,65536,2,8,1085
segmented,2,65536,2,9,435
segmented,2,65536,2,10,163
segmented,2,65536,2,11,52
segmented,2,65536,2,12,9
segmented,2,65536,2,13,1
segmented,2,65536,2,15,1
standard,2,65536,2,0,2034
standard,2,65536,2,1,7189
standard,2,65536,2,2,12058
standard,2,65536,2,3,14157
standard,2,65536,2,4,12420
standard,2,65536,2,5,8652
standard,2,65536,2,6,4850
standard,2,65536,2,7,2547
standard,2,65536,2,8,1050
standard,2,65536,2,9,401
standard,2,65536,2,10,129
standard,2,65536,2,11,37
standard,2,65536,2,12,9
standard,2,65536,2,13,2
standard,2,65536,2,15,1
segmented,3,49152,2,0,133
segmented,3,49152,2,1,812
segmented,3,49152,2,2,2441
segmented,3,49152,2,3,4694
segmented,3,49152,2,4,6888
segmented,3,49152,2,5,7923
segmented,3,49152,2,6,7892
segmented,3,49152,2,7,6653
segmented,3,49152,2,8,4888
segmented,3,49152,2,9,3177
segmented,3,49152,2,10,1816
segmented,3,49152,2,11,1012
segmented,3,49152,2,12,478
segmented,3,49152,2,13,221
segmented,3,49152,2,14,77
segmented,3,49152,2,15,32
segmented,3,49152,2,16,8
segmented,3,49152,2,17,6
segmented,3,49152,2,18,1
standard,3,59049,2,0,179
standard,3,59049,2,1,998
standard,3,59049,2,2,2896
standard,3,59049,2,3,5613
standard,3,59049,2,4,8300
standard,3,59049,2,5,9473
standard,3,59049,2,6,9566
standard,3,59049,2,7,8005
standard,3,59049,2,8,5734
standard,3,59049,2,9,3789
standard,3,59049,2,10,2237
standard,3,59049,2,11,1223
standard,3,59049,2,12,600
standard,3,59049,2,13,266
standard,3,59049,2,14,100
standard,3,59049,2,15,54
standard,3,59049,2,16,12
standard,3,59049,2,17,3
standard,3,59049,2,19,1
segmented,4,65536,2,0,21
segmented,4,65536,2,1,190
segmented,4,65536,2,2,705
segmented,4,65536,2,3,1986
segmented,4,65536,2,4,3896
segmented,4,65536,2,5,6125
segmented,4,65536,2,6,7948
segmented,4,65536,2,7,9200
segmented,4,65536,2,8,9175
segmented,4,65536,2,9,8124
segmented,4,65536,2,10,6562
segmented,4,65536,2,11,4594
segmented,4,65536,2,12,2980
segmented,4,65536,2,13,1896
segmented,4,65536,2,14,1052
segmented,4,65536,2,15,582
segmented,4,65536,2,16,282
segmented,4,65536,2,17,133
segmented,4,65536,2,18,49
segmented,4,65536,2,19,23
segmented,4,65536,2,20,12
segmented,4,65536,2,21,1
standard,4,65536,2,0,39
standard,4,65536,2,1,174
standard,4,65536,2,2,744
standard,4,65536,2,3,1972
standard,4,65536,2,4,3901
standard,4,65536,2,5,6100
standard,4,65536,2,6,8095
standard,4,65536,2,7,9317
standard,4,65536,2,8,9085
standard,4,65536,2,9,8183
standard,4,65536,2,10,6241
standard,4,65536,2,11,4669
standard,4,65536,2,12,3021
standard,4,65536,2,13,1904
standard,4,65536,2,14,1034
standard,4,65536,2,15,540
standard,4,65536,2,16,298
standard,4,65536,2,17,114
standard,4,65536,2,18,64
standard,4,65536,2,19,33
standard,4,65536,2,20,4
standard,4,65536,2,21,4
segmented,2,65536,3,0,224
segmented,2,65536,3,1,1316
segmented,2,65536,3,2,3688
segmented,2,65536,3,3,6934
segmented,2,65536,3,4,9682
segmented,2,65536,3,5,11000
segmented,2,65536,3,6,10419
segmented,2,65536,3,7,8586
segmented,2,65536,3,8,5927
segmented,2,65536,3,9,3791
segmented,2,65536,3,10,2028
segmented,2,65536,3,11,1069
segmented,2,65536,3,12,521
segmented,2,65536,3,13,206
segmented,2,65536,3,14,98
segmented,2,65536,3,15,28
segmented,2,65536,3,16,11
segmented,2,65536,3,17,6
segmented,2,65536,3,18,2
standard,2,65536,3,0,224
standard,2,65536,3,1,1335
standard,2,65536,3,2,3703
standard,2,65536,3,3,6956
standard,2,65536,3,4,9767
standard,2,65536,3,5,11093
standard,2,65536,3,6,10467
standard,2,65536,3,7,8302
standard,2,65536,3,8,5927
standard,2,65536,3,9,3711
standard,2,65536,3,10,2111
standard,2,65536,3,11,1083
standard,2,65536,3,12,509
standard,2,65536,3,13,225
standard,2,65536,3,14,85
standard,2,65536,3,15,27
standard,2,65536,3,16,7
standard,2,65536,3,17,2
standard,2,65536,3,18,2
segmented,3,49152,3,0,4
segmented,3,49152,3,1,64
segmented,3,49152,3,2,236
segmented,3,49152,3,3,770
segmented,3,49152,3,4,1773
segmented,3,49152,3,5,3150
segmented,3,49152,3,6,4458
segmented,3,49152,3,7,5858
segmented,3,49152,3,8,6654
segmented,3,49152,3,9,6481
segmented,3,49152,3,10,5732
segmented,3,49152,3,11,4762
segmented,3,49152,3,12,3435
segmented,3,49152,3,13,2357
segmented,3,49152,3,14,1526
segmented,3,49152,3,15,893
segmented,3,49152,3,16,484
segmented,3,49152,3,17,281
segmented,3,49152,3,18,129
segmented,3,49152,3,19,58
segmented,3,49152,3,20,31
segmented,3,49152,3,21,9
segmented,3,49152,3,22,6
segmented,3,49152,3,23,1
standard,3,59049,3,0,7
standard,3,59049,3,1,69
standard,3,59049,3,2,332
standard,3,59049,3,3,851
standard,3,59049,3,4,2113
standard,3,59049,3,5,3714
standard,3,59049,3,6,5611
standard,3,59049,3,7,7143
standard,3,59049,3,8,7761
standard,3,59049,3,9,7711
standard,3,59049,3,10,6901
standard,3,59049,3,11,5572
standard,3,59049,3,12,4242
standard,3,59049,3,13,2858
standard,3,59049,3,14,1859
standard,3,59049,3,15,1093
standard,3,59049,3,16,591
standard,3,59049,3,17,324
standard,3,59049,3,18,168
standard,3,59049,3,19,76
standard,3,59049,3,20,35
standard,3,59049,3,21,16
standard,3,59049,3,22,2
segmented,4,65536,3,0,1
segmented,4,65536,3,1,3
segmented,4,65536,3,2,32
segmented,4,65536,3,3,117
segmented,4,65536,3,4,346
segmented,4,65536,3,5,864
segmented,4,65536,3,6,1738
segmented,4,65536,3,7,2890
segmented,4,65536,3,8,4312
segmented,4,65536,3,9,5691
segmented,4,65536,3,10,6988
segmented,4,65536,3,11,7467
segmented,4,65536,3,12,7566
segmented,4,65536,3,13,6805
segmented,4,65536,3,14,6039
segmented,4,65536,3,15,4795
segmented,4,65536,3,16,3506
segmented,4,65536,3,17,2413
segmented,4,65536,3,18,1617
segmented,4,65536,3,19,1017
segmented,4,65536,3,20,607
segmented,4,65536,3,21,377
segmented,4,65536,3,22,165
segmented,4,65536,3,23,93
segmented,4,65536,3,24,41
segmented,4,65536,3,25,27
segmented,4,65536,3,26,12
segmented,4,65536,3,27,5
segmented,4,65536,3,29,2
standard,4,65536,3,0,1
standard,4,65536,3,1,9
standard,4,65536,3,2,30
standard,4,65536,3,3,132
standard,4,65536,3,4,362
standard,4,65536,3,5,868
standard,4,65536,3,6,1702
standard,4,65536,3,7,2873
standard,4,65536,3,8,4321
standard,4,65536,3,9,5740
standard,4,65536,3,10,6887
standard,4,65536,3,11,7558
standard,4,65536,3,12,7620
standard,4,65536,3,13,6864
standard,4,65536,3,14,5910
standard,4,65536,3,15,4695
standard,4,65536,3,16,3497
standard,4,65536,3,17,2411
standard,4,65536,3,18,1615
standard,4,65536,3,19,1040
standard,4,65536,3,20,633
standard,4,65536,3,21,351
standard,4,65536,3,22,198
standard,4,65536,3,23,116
standard,4,65536,3,24,64
standard,4,65536,3,25,24
standard,4,65536,3,26,11
standard,4,65536,3,27,3
standard,4,65536,3,28,1
segmented,2,65536,4,0,29
segmented,2,65536,4,1,231
segmented,2,65536,4,2,841
segmented,2,65536,4,3,2251
segmented,2,65536,4,4,4298
segmented,2,65536,4,5,6569
segmented,2,65536,4,6,8534
segmented,2,65536,4,7,9490
segmented,2,65536,4,8,9099
segmented,2,65536,4,9,7727
segmented,2,65536,4,10,6174
segmented,2,65536,4,11,4299
segmented,2,65536,4,12,2727
segmented,2,65536,4,13,1552
segmented,2,65536,4,14,886
segmented,2,65536,4,15,455
segmented,2,65536,4,16,230
segmented,2,65536,4,17,83
segmented,2,65536,4,18,41
segmented,2,65536,4,19,15
segmented,2,65536,4,20,3
segmented,2,65536,4,21,1
segmented,2,65536,4,23,1
standard,2,65536,4,0,21
standard,2,65536,4,1,238
standard,2,65536,4,2,858
standard,2,65536,4,3,2297
standard,2,65536,4,4,4295
standard,2,65536,4,5,6570
standard,2,65536,4,6,8656
standard,2,65536,4,7,9319
standard,2,65536,4,8,9134
standard,2,65536,4,9,7898
standard,2,65536,4,10,5949
standard,2,65536,4,11,4274
standard,2,65536,4,12,2750
standard,2,65536,4,13,1590
standard,2,65536,4,14,877
standard,2,65536,4,15,445
standard,2,65536,4,16,199
standard,2,65536,4,17,101
standard,2,65536,4,18,41
standard,2,65536,4,19,13
standard,2,65536,4,20,6
standard,2,65536,4,21,2
standard,2,65536,4,22,2
standard,2,65536,4,25,1
segmented,3,49152,4,0,1
segmented,3,49152,4,1,2
segmented,3,49152,4,2,26
segmented,3,49152,4,3,81
segmented,3,49152,4,4,279
segmented,3,49152,4,5,663
segmented,3,49152,4,6,1329
segmented,3,49152,4,7,2231
segmented,3,49152,4,8,3225
segmented,3,49152,4,9,4306
segmented,3,49152,4,10,5235
segmented,3,49152,4,11,5637
segmented,3,49152,4,12,5702
segmented,3,49152,4,13,5071
segmented,3,49152,4,14,4511
segmented,3,49152,4,15,3585
segmented,3,49152,4,16,2599
segmented,3,49152,4,17,1780
segmented,3,49152,4,18,1164
segmented,3,49152,4,19,738
segmented,3,49152,4,20,458
segmented,3,49152,4,21,269
segmented,3,49152,4,22,113
segmented,3,49152,4,23,79
segmented,3,49152,4,24,30
segmented,3,49152,4,25,23
segmented,3,49152,4,26,9
segmented,3,49152,4,27,4
segmented,3,49152,4,29,2
standard,3,59049,4,1,5
standard,3,59049,4,2,32
standard,3,59049,4,3,101
standard,3,59049,4,4,319
standard,3,59049,4,5,739
standard,3,59049,4,6,1535
standard,3,59049,4,7,2729
standard,3,59049,4,8,3983
standard,3,59049,4,9,5294
standard,3,59049,4,10,6307
standard,3,59049,4,11,6840
standard,3,59049,4,12,6679
standard,3,59049,4,13,6124
standard,3,59049,4,14,5353
standard,3,59049,4,15,4029
standard,3,59049,4,16,3125
standard,3,59049,4,17,2326
standard,3,59049,4,18,1440
standard,3,59049,4,19,904
standard,3,59049,4,20,535
standard,3,59049,4,21,307
standard,3,59049,4,22,183
standard,3,59049,4,23,84
standard,3,59049,4,24,49
standard,3,59049,4,25,16
standard,3,59049,4,26,7
standard,3,59049,4,27,3
standard,3,59049,4,28,1
segmented,4,65536,4,2,1
segmented,4,65536,4,3,4
segmented,4,65536,4,4,20
segmented,4,65536,4,5,65
segmented,4,65536,4,6,175
segmented,4,65536,4,7,390
segmented,4,65536,4,8,800
segmented,4,65536,4,9,1393
segmented,4,65536,4,10,2324
segmented,4,65536,4,11,3270
segmented,4,65536,4,12,4345
segmented,4,65536,4,13,5394
segmented,4,65536,4,14,6148
segmented,4,65536,4,15,6456
segmented,4,65536,4,16,6495
segmented,4,65536,4,17,6111
segmented,4,65536,4,18,5415
segmented,4,65536,4,19,4570
segmented,4,65536,4,20,3727
segmented,4,65536,4,21,2805
segmented,4,65536,4,22,1979
segmented,4,65536,4,23,1392
segmented,4,65536,4,24,902
segmented,4,65536,4,25,562
segmented,4,65536,4,26,343
segmented,4,65536,4,27,197
segmented,4,65536,4,28,122
segmented,4,65536,4,29,64
segmented,4,65536,4,30,36
segmented,4,65536,4,31,14
segmented,4,65536,4,32,7
segmented,4,65536,4,33,8
segmented,4,65536,4,34,1
segmented,4,65536,4,35,1
standard,4,65536,4,2,3
standard,4,65536,4,3,7
standard,4,65536,4,4,31
standard,4,65536,4,5,75
standard,4,65536,4,6,195
standard,4,65536,4,7,401
standard,4,65536,4,8,789
standard,4,65536,4,9,1480
standard,4,65536,4,10,2247
standard,4,65536,4,11,3264
standard,4,65536,4,12,4309
standard,4,65536,4,13,5289
standard,4,65536,4,14,6265
standard,4,65536,4,15,6517
standard,4,65536,4,16,6533
standard,4,65536,4,17,6081
standard,4,65536,4,18,5409
standard,4,65536,4,19,4570
standard,4,65536,4,20,3698
standard,4,65536,4,21,2648
standard,4,65536,4,22,1929
standard,4,65536,4,23,1419
standard,4,65536,4,24,923
standard,4,65536,4,25,577
standard,4,65536,4,26,369
standard,4,65536,4,27,215
standard,4,65536,4,28,128
standard,4,65536,4,29,71
standard,4,65536,4,30,46
standard,4,65536,4,31,22
standard,4,65536,4,32,18
standard,4,65536,4,33,5
standard,4,65536,4,34,2
standard,4,65536,4,35,1
