scheme,arity,num_buckets,bucket_size,deleted,mean_lf,mean_duration_ns,mean_mops,min_mops,max_mops,stddev_mops
segmented,2,65536,1,32004,0.488342,7614521,4.2078,4.0633,4.4395,0.1439
standard,2,65536,1,33052,0.504333,8075975,4.1012,3.6273,4.2555,0.1800
segmented,3,49152,1,44466,0.904578,12171571,3.6550,3.5017,3.7850,0.0802
standard,3,19683,1,17678,0.898120,6790408,2.6661,1.6752,2.8570,0.3377
segmented,4,65536,1,63039,0.961891,19737492,3.1965,3.0183,3.3110,0.0914
standard,4,65536,1,63113,0.963017,19321496,3.2674,3.1911,3.3679,0.0544
segmented,2,65536,2,114591,0.874258,32989558,3.4743,3.3383,3.5174,0.0509
standard,2,65536,2,114780,0.875692,31821621,3.6071,3.5862,3.6546,0.0193
segmented,3,49152,2,96109,0.977656,31874488,3.0153,3.0015,3.0457,0.0119
standard,3,19683,2,38479,0.977437,15792400,2.4366,2.4104,2.4509,0.0119
segmented,4,65536,2,130061,0.992282,49747688,2.6145,2.5860,2.6330,0.0156
standard,4,65536,2,130020,0.991965,47460800,2.7396,2.7244,2.7504,0.0086
segmented,2,65536,3,184595,0.938897,58812383,3.1389,3.0976,3.1707,0.0235
standard,2,65536,3,184618,0.939012,58478504,3.1572,3.0996,3.1856,0.0253
segmented,3,49152,3,145979,0.989983,56725758,2.5746,2.4184,2.6165,0.0535
standard,3,19683,3,58220,0.985961,26973029,2.1641,1.8656,2.2372,0.1040
segmented,4,65536,3,195545,0.994593,89639121,2.1826,2.0458,2.2149,0.0478
standard,4,65536,3,195841,0.996093,83075433,2.3620,2.1019,2.4293,0.0998
segmented,2,65536,4,252888,0.964689,91352825,2.7684,2.7216,2.8000,0.0223
standard,2,65536,4,252387,0.962778,90472667,2.7910,2.6518,2.8523,0.0597
segmented,3,49152,4,195558,0.994654,86703017,2.2556,2.2246,2.2788,0.0175
standard,3,19683,4,78233,0.993661,38959550,2.0083,1.9628,2.0280,0.0228
segmented,4,65536,4,261427,0.997265,136805667,1.9110,1.8867,1.9213,0.0122
standard,4,65536,4,261431,0.997279,118547821,2.2059,2.1042,2.2384,0.0355
segmented,2,262144,1,126303,0.481808,30335617,4.1645,4.0251,4.2361,0.0623
standard,2,262144,1,134272,0.512207,31545279,4.2566,4.1937,4.2852,0.0257
segmented,3,196608,1,176036,0.895363,49263279,3.5736,3.5179,3.6082,0.0298
standard,3,59049,1,52796,0.894105,19269458,2.7400,2.7100,2.7630,0.0162
segmented,4,262144,1,252145,0.961854,83018758,3.0437,2.7297,3.1973,0.1374
standard,4,262144,1,252153,0.961879,77942579,3.2352,3.2054,3.2550,0.0157
segmented,2,262144,2,458016,0.873594,131455379,3.4847,3.3890,3.5287,0.0426
standard,2,262144,2,455248,0.868317,129350675,3.5211,3.3383,3.5816,0.0744
segmented,3,196608,2,384070,0.976734,134707475,2.8625,2.5038,2.9702,0.1724
standard,3,59049,2,114788,0.971972,47956646,2.3936,2.3652,2.4100,0.0126
segmented,4,262144,2,519960,0.991743,205124079,2.5350,2.5015,2.5679,0.0203
standard,4,262144,2,519080,0.990066,192181225,2.7010,2.6776,2.7171,0.0118
segmented,2,262144,3,735258,0.934929,245334275,3.0034,2.6384,3.0874,0.1325
standard,2,262144,3,734566,0.934048,236379967,3.1080,3.0458,3.1497,0.0360
segmented,3,196608,3,583891,0.989938,227925733,2.5618,2.5474,2.5774,0.0079
standard,3,59049,3,175204,0.989031,81532117,2.1490,2.1274,2.1655,0.0109
segmented,4,262144,3,783271,0.995979,369899684,2.1190,1.9890,2.1669,0.0553
standard,4,262144,3,783043,0.995690,325720821,2.4043,2.3700,2.4318,0.0229
segmented,2,262144,4,1008094,0.961393,366903567,2.7477,2.7148,2.7788,0.0220
standard,2,262144,4,1010453,0.963641,365593533,2.7660,2.6356,2.8563,0.0766
segmented,3,196608,4,780572,0.992548,344262854,2.2674,2.2552,2.2831,0.0073
standard,3,59049,4,234534,0.992963,117009646,2.0044,1.9997,2.0085,0.0027
segmented,4,262144,4,1046228,0.997759,545449367,1.9182,1.9025,1.9319,0.0099
standard,4,262144,4,1046326,0.997849,473504250,2.2098,2.2045,2.2176,0.0047
segmented,2,1048576,1,499876,0.476719,118404654,4.2218,4.1994,4.2354,0.0095
standard,2,1048576,1,525743,0.501388,122519558,4.2914,4.1909,4.3192,0.0373
segmented,3,786432,1,704006,0.895188,197717588,3.5607,3.5456,3.5793,0.0107
standard,3,177147,1,159055,0.897861,59795804,2.6600,2.6354,2.6759,0.0111
segmented,4,1048576,1,1004470,0.957937,321303733,3.1273,2.9683,3.1674,0.0560
standard,4,1048576,1,998912,0.952637,310450325,3.2177,3.1838,3.2445,0.0170
segmented,2,1048576,2,1802437,0.859469,514576333,3.5029,3.4502,3.5309,0.0212
standard,2,1048576,2,1823246,0.869390,515165254,3.5393,3.4858,3.5696,0.0256
segmented,3,786432,2,1531639,0.973789,520174988,2.9445,2.9100,2.9586,0.0126
standard,3,177147,2,343828,0.970459,147565862,2.3300,2.3208,2.3423,0.0074
segmented,4,1048576,2,2078375,0.991046,814024996,2.5532,2.5338,2.5675,0.0099
standard,4,1048576,2,2072910,0.988440,759243092,2.7303,2.7136,2.7490,0.0116
segmented,2,1048576,3,2946863,0.936782,982483617,3.0027,2.7568,3.1063,0.0978
standard,2,1048576,3,2917876,0.927568,935506734,3.1194,3.0695,3.1638,0.0337
segmented,3,786432,3,2333226,0.988949,930938246,2.5069,2.4129,2.5633,0.0379
standard,3,177147,3,525298,0.988441,251231679,2.0911,2.0346,2.1058,0.0200
segmented,4,1048576,3,3130540,0.995172,1436488779,2.1795,2.1434,2.1991,0.0196
standard,4,1048576,3,3127980,0.994358,1314385867,2.3817,2.2654,2.4582,0.0661
segmented,2,1048576,4,4041410,0.963547,1511835175,2.6757,2.5180,2.7792,0.0816
standard,2,1048576,4,4018550,0.958097,1462925433,2.7487,2.6387,2.8409,0.0690
segmented,3,786432,4,3123556,0.992952,1408646966,2.2192,2.0426,2.2631,0.0615
standard,3,177147,4,704134,0.993712,363364658,1.9378,1.9268,1.9471,0.0059
segmented,4,1048576,4,4178281,0.996180,2208270317,1.8923,1.8609,1.9076,0.0168
standard,4,1048576,4,4181988,0.997063,1952284121,2.1428,2.0768,2.2089,0.0376
