backend,mutation_kind,arity,num_buckets,bucket_size,value_bits,plaintext_bits,lwe_dim,n_mutations,load_factor,n_succeeded,total_ms,ops_per_s,cells_per_slot,row_width,segment_rows,db_rows,db_cols
frodo,insert,2,262144,4,256,9,1566,10485,0.90,10485,7097.036,1477.38,32,128,131072,131072,128
frodo,update,2,262144,4,256,9,1566,10485,0.90,10485,1181.117,8877.19,32,128,131072,131072,128
frodo,delete,2,262144,4,256,9,1566,10485,0.90,10485,1297.998,8077.82,32,128,131072,131072,128
frodo,insert,2,262144,4,2048,9,1566,10485,0.90,10485,25537.231,410.58,232,928,131072,131072,928
frodo,update,2,262144,4,2048,9,1566,10485,0.90,10485,4521.615,2318.86,232,928,131072,131072,928
frodo,delete,2,262144,4,2048,9,1566,10485,0.90,10485,4543.191,2307.85,232,928,131072,131072,928
frodo,insert,2,262144,4,8192,9,1566,10485,0.90,10485,143256.778,73.19,914,3656,131072,131072,3656
frodo,update,2,262144,4,8192,9,1566,10485,0.90,10485,24934.854,420.50,914,3656,131072,131072,3656
frodo,delete,2,262144,4,8192,9,1566,10485,0.90,10485,24579.467,426.58,914,3656,131072,131072,3656
frodo,insert,2,1048576,4,256,9,1566,41943,0.90,41943,27630.308,1518.01,32,128,524288,524288,128
frodo,update,2,1048576,4,256,9,1566,41943,0.90,41943,4475.167,9372.39,32,128,524288,524288,128
frodo,delete,2,1048576,4,256,9,1566,41943,0.90,41943,5058.738,8291.20,32,128,524288,524288,128
frodo,insert,2,1048576,4,2048,9,1566,41943,0.90,41943,100940.410,415.52,232,928,524288,524288,928
frodo,update,2,1048576,4,2048,9,1566,41943,0.90,41943,16985.339,2469.36,232,928,524288,524288,928
frodo,delete,2,1048576,4,2048,9,1566,41943,0.90,41943,17123.061,2449.50,232,928,524288,524288,928
frodo,insert,2,1048576,4,8192,9,1566,41943,0.90,41943,566816.157,74.00,914,3656,524288,524288,3656
frodo,update,2,1048576,4,8192,9,1566,41943,0.90,41943,217849.965,192.53,914,3656,524288,524288,3656
frodo,delete,2,1048576,4,8192,9,1566,41943,0.90,41943,161270.640,260.08,914,3656,524288,524288,3656
frodo,insert,4,1048576,1,256,9,1566,10485,0.90,10485,3122.111,3358.30,32,32,262144,262144,32
frodo,update,4,1048576,1,256,9,1566,10485,0.90,10485,423.446,24761.10,32,32,262144,262144,32
frodo,delete,4,1048576,1,256,9,1566,10485,0.90,10485,471.823,22222.32,32,32,262144,262144,32
frodo,insert,4,1048576,1,2048,9,1566,10485,0.90,10485,27908.075,375.70,232,232,262144,262144,232
frodo,update,4,1048576,1,2048,9,1566,10485,0.90,10485,4122.120,2543.59,232,232,262144,262144,232
frodo,delete,4,1048576,1,2048,9,1566,10485,0.90,10485,4212.238,2489.18,232,232,262144,262144,232
frodo,insert,4,1048576,1,8192,9,1566,10485,0.90,10485,241175.365,43.47,914,914,262144,262144,914
frodo,update,4,1048576,1,8192,9,1566,10485,0.90,10485,38819.004,270.10,914,914,262144,262144,914
frodo,delete,4,1048576,1,8192,9,1566,10485,0.90,10485,41771.323,251.01,914,914,262144,262144,914
frodo,insert,4,4194304,1,256,9,1566,41943,0.90,41943,12164.899,3447.87,32,32,1048576,1048576,32
frodo,update,4,4194304,1,256,9,1566,41943,0.90,41943,1689.035,24832.52,32,32,1048576,1048576,32
frodo,delete,4,4194304,1,256,9,1566,41943,0.90,41943,1856.547,22591.94,32,32,1048576,1048576,32
frodo,insert,4,4194304,1,2048,9,1566,41943,0.90,41943,107512.987,390.12,232,232,1048576,1048576,232
frodo,update,4,4194304,1,2048,9,1566,41943,0.90,41943,16074.476,2609.29,232,232,1048576,1048576,232
frodo,delete,4,4194304,1,2048,9,1566,41943,0.90,41943,16529.396,2537.48,232,232,1048576,1048576,232
frodo,insert,4,4194304,1,8192,9,1566,41943,0.90,41943,987039.345,42.49,914,914,1048576,1048576,914
frodo,update,4,4194304,1,8192,9,1566,41943,0.90,41943,165485.741,253.45,914,914,1048576,1048576,914
frodo,delete,4,4194304,1,8192,9,1566,41943,0.90,41943,168833.297,248.43,914,914,1048576,1048576,914
frodo,insert,4,524288,2,256,9,1566,10485,0.90,10485,1436.253,7300.25,32,64,131072,131072,64
frodo,update,4,524288,2,256,9,1566,10485,0.90,10485,590.847,17745.70,32,64,131072,131072,64
frodo,delete,4,524288,2,256,9,1566,10485,0.90,10485,592.821,17686.61,32,64,131072,131072,64
frodo,insert,4,524288,2,2048,9,1566,10485,0.90,10485,10864.916,965.03,232,464,131072,131072,464
frodo,update,4,524288,2,2048,9,1566,10485,0.90,10485,4247.493,2468.51,232,464,131072,131072,464
frodo,delete,4,524288,2,2048,9,1566,10485,0.90,10485,4229.223,2479.18,232,464,131072,131072,464
frodo,insert,4,524288,2,8192,9,1566,10485,0.90,10485,82761.250,126.69,914,1828,131072,131072,1828
frodo,update,4,524288,2,8192,9,1566,10485,0.90,10485,32870.544,318.98,914,1828,131072,131072,1828
frodo,delete,4,524288,2,8192,9,1566,10485,0.90,10485,32980.390,317.92,914,1828,131072,131072,1828
frodo,insert,4,2097152,2,256,9,1566,41943,0.90,41943,5988.868,7003.49,32,64,524288,524288,64
frodo,update,4,2097152,2,256,9,1566,41943,0.90,41943,1747.648,23999.68,32,64,524288,524288,64
frodo,delete,4,2097152,2,256,9,1566,41943,0.90,41943,1952.614,21480.44,32,64,524288,524288,64
frodo,insert,4,2097152,2,2048,9,1566,41943,0.90,41943,42488.933,987.15,232,464,524288,524288,464
frodo,update,4,2097152,2,2048,9,1566,41943,0.90,41943,16354.030,2564.69,232,464,524288,524288,464
frodo,delete,4,2097152,2,2048,9,1566,41943,0.90,41943,16597.912,2527.00,232,464,524288,524288,464
frodo,insert,4,2097152,2,8192,9,1566,41943,0.90,41943,327560.973,128.05,914,1828,524288,524288,1828
frodo,update,4,2097152,2,8192,9,1566,41943,0.90,41943,130112.338,322.36,914,1828,524288,524288,1828
frodo,delete,4,2097152,2,8192,9,1566,41943,0.90,41943,130716.475,320.87,914,1828,524288,524288,1828
frodo,insert,3,786432,2,256,9,1566,15728,0.90,15728,3864.191,4070.19,32,64,262144,262144,64
frodo,update,3,786432,2,256,9,1566,15728,0.90,15728,863.354,18217.33,32,64,262144,262144,64
frodo,delete,3,786432,2,256,9,1566,15728,0.90,15728,961.265,16361.77,32,64,262144,262144,64
frodo,insert,3,786432,2,2048,9,1566,15728,0.90,15728,27292.225,576.28,232,464,262144,262144,464
frodo,update,3,786432,2,2048,9,1566,15728,0.90,15728,6141.337,2561.01,232,464,262144,262144,464
frodo,delete,3,786432,2,2048,9,1566,15728,0.90,15728,6258.477,2513.07,232,464,262144,262144,464
frodo,insert,3,786432,2,8192,9,1566,15728,0.90,15728,213675.373,73.61,914,1828,262144,262144,1828
frodo,update,3,786432,2,8192,9,1566,15728,0.90,15728,49356.128,318.66,914,1828,262144,262144,1828
frodo,delete,3,786432,2,8192,9,1566,15728,0.90,15728,48898.516,321.65,914,1828,262144,262144,1828
frodo,insert,3,1572864,2,256,9,1566,31457,0.90,31457,7864.563,3999.84,32,64,524288,524288,64
frodo,update,3,1572864,2,256,9,1566,31457,0.90,31457,1720.089,18288.01,32,64,524288,524288,64
frodo,delete,3,1572864,2,256,9,1566,31457,0.90,31457,1960.146,16048.29,32,64,524288,524288,64
frodo,insert,3,1572864,2,2048,9,1566,31457,0.90,31457,54293.967,579.38,232,464,524288,524288,464
frodo,update,3,1572864,2,2048,9,1566,31457,0.90,31457,12298.000,2557.90,232,464,524288,524288,464
frodo,delete,3,1572864,2,2048,9,1566,31457,0.90,31457,12508.509,2514.85,232,464,524288,524288,464
frodo,insert,3,1572864,2,8192,9,1566,31457,0.90,31457,418702.016,75.13,914,1828,524288,524288,1828
frodo,update,3,1572864,2,8192,9,1566,31457,0.90,31457,98224.382,320.26,914,1828,524288,524288,1828
frodo,delete,3,1572864,2,8192,9,1566,31457,0.90,31457,95878.996,328.09,914,1828,524288,524288,1828
frodo,insert,3,393216,3,256,9,1566,11796,0.90,11796,1521.612,7752.30,32,96,131072,131072,96
frodo,update,3,393216,3,256,9,1566,11796,0.90,11796,520.797,22649.88,32,96,131072,131072,96
frodo,delete,3,393216,3,256,9,1566,11796,0.90,11796,589.534,20009.03,32,96,131072,131072,96
frodo,insert,3,393216,3,2048,9,1566,11796,0.90,11796,15576.518,757.29,232,696,131072,131072,696
frodo,update,3,393216,3,2048,9,1566,11796,0.90,11796,5219.508,2259.98,232,696,131072,131072,696
frodo,delete,3,393216,3,2048,9,1566,11796,0.90,11796,5504.299,2143.05,232,696,131072,131072,696
frodo,insert,3,393216,3,8192,9,1566,11796,0.90,11796,136791.125,86.23,914,2742,131072,131072,2742
frodo,update,3,393216,3,8192,9,1566,11796,0.90,11796,94194.629,125.23,914,2742,131072,131072,2742
frodo,delete,3,393216,3,8192,9,1566,11796,0.90,11796,49792.227,236.90,914,2742,131072,131072,2742
frodo,insert,3,1572864,3,256,8,1566,47185,0.90,47185,7117.008,6629.89,36,108,524288,524288,108
frodo,update,3,1572864,3,256,8,1566,47185,0.90,47185,2314.591,20385.89,36,108,524288,524288,108
frodo,delete,3,1572864,3,256,8,1566,47185,0.90,47185,2584.785,18254.90,36,108,524288,524288,108
frodo,insert,3,1572864,3,2048,8,1566,47185,0.90,47185,96111.394,490.94,260,780,524288,524288,780
frodo,update,3,1572864,3,2048,8,1566,47185,0.90,47185,31659.363,1490.40,260,780,524288,524288,780
frodo,delete,3,1572864,3,2048,8,1566,47185,0.90,47185,32722.757,1441.96,260,780,524288,524288,780
frodo,insert,3,1572864,3,8192,8,1566,47185,0.90,47185,924248.208,51.05,1028,3084,524288,524288,3084
frodo,update,3,1572864,3,8192,8,1566,47185,0.90,47185,313280.028,150.62,1028,3084,524288,524288,3084
frodo,delete,3,1572864,3,8192,8,1566,47185,0.90,47185,313806.197,150.36,1028,3084,524288,524288,3084
frodo,insert,4,524288,3,256,9,1566,15728,0.90,15728,1374.407,11443.48,32,96,131072,131072,96
frodo,update,4,524288,3,256,9,1566,15728,0.90,15728,690.760,22769.11,32,96,131072,131072,96
frodo,delete,4,524288,3,256,9,1566,15728,0.90,15728,756.114,20801.11,32,96,131072,131072,96
frodo,insert,4,524288,3,2048,9,1566,15728,0.90,15728,14417.684,1090.88,232,696,131072,131072,696
frodo,update,4,524288,3,2048,9,1566,15728,0.90,15728,7102.740,2214.36,232,696,131072,131072,696
frodo,delete,4,524288,3,2048,9,1566,15728,0.90,15728,7611.958,2066.22,232,696,131072,131072,696
frodo,insert,4,524288,3,8192,9,1566,15728,0.90,15728,124625.270,126.20,914,2742,131072,131072,2742
frodo,update,4,524288,3,8192,9,1566,15728,0.90,15728,71163.304,221.01,914,2742,131072,131072,2742
frodo,delete,4,524288,3,8192,9,1566,15728,0.90,15728,72840.664,215.92,914,2742,131072,131072,2742
frodo,insert,4,1048576,3,256,9,1566,31457,0.90,31457,2804.376,11217.11,32,96,262144,262144,96
frodo,update,4,1048576,3,256,9,1566,31457,0.90,31457,1361.780,23099.91,32,96,262144,262144,96
frodo,delete,4,1048576,3,256,9,1566,31457,0.90,31457,1547.286,20330.44,32,96,262144,262144,96
frodo,insert,4,1048576,3,2048,9,1566,31457,0.90,31457,28571.894,1100.98,232,696,262144,262144,696
frodo,update,4,1048576,3,2048,9,1566,31457,0.90,31457,14623.997,2151.05,232,696,262144,262144,696
frodo,delete,4,1048576,3,2048,9,1566,31457,0.90,31457,14795.978,2126.05,232,696,262144,262144,696
frodo,insert,4,1048576,3,8192,9,1566,31457,0.90,31457,253677.236,124.00,914,2742,262144,262144,2742
frodo,update,4,1048576,3,8192,9,1566,31457,0.90,31457,164789.760,190.89,914,2742,262144,262144,2742
frodo,delete,4,1048576,3,8192,9,1566,31457,0.90,31457,157164.946,200.15,914,2742,262144,262144,2742
simple,insert,2,262144,4,256,10,1275,10485,0.90,10485,4992.609,2100.10,29,116,131072,3856,3944
simple,update,2,262144,4,256,10,1275,10485,0.90,10485,800.440,13099.05,29,116,131072,3856,3944
simple,delete,2,262144,4,256,10,1275,10485,0.90,10485,894.375,11723.27,29,116,131072,3856,3944
simple,insert,2,262144,4,2048,10,1275,10485,0.90,10485,33187.992,315.93,208,832,131072,10083,10816
simple,update,2,262144,4,2048,10,1275,10485,0.90,10485,5835.358,1796.81,208,832,131072,10083,10816
simple,delete,2,262144,4,2048,10,1275,10485,0.90,10485,5949.485,1762.34,208,832,131072,10083,10816
simple,insert,2,262144,4,8192,10,1275,10485,0.90,10485,135067.233,77.63,823,3292,131072,21846,19752
simple,update,2,262144,4,8192,10,1275,10485,0.90,10485,23190.949,452.12,823,3292,131072,21846,19752
simple,delete,2,262144,4,8192,10,1275,10485,0.90,10485,55182.500,190.01,823,3292,131072,21846,19752
simple,insert,2,1048576,4,256,10,1275,41943,0.90,41943,27782.448,1509.69,29,116,524288,7826,7772
simple,update,2,1048576,4,256,10,1275,41943,0.90,41943,4246.936,9876.06,29,116,524288,7826,7772
simple,delete,2,1048576,4,256,10,1275,41943,0.90,41943,4617.206,9084.07,29,116,524288,7826,7772
simple,insert,2,1048576,4,2048,10,1275,41943,0.90,41943,129928.036,322.82,208,832,524288,20972,20800
simple,update,2,1048576,4,2048,10,1275,41943,0.90,41943,23297.347,1800.33,208,832,524288,20972,20800
simple,delete,2,1048576,4,2048,10,1275,41943,0.90,41943,23925.257,1753.08,208,832,524288,20972,20800
simple,insert,2,1048576,4,8192,10,1275,41943,0.90,41943,1370157.276,30.61,823,3292,524288,40330,42796
simple,update,2,1048576,4,8192,10,1275,41943,0.90,41943,201964.919,207.67,823,3292,524288,40330,42796
simple,delete,2,1048576,4,8192,10,1275,41943,0.90,41943,204533.171,205.07,823,3292,524288,40330,42796
simple,insert,4,1048576,1,256,10,1275,10485,0.90,10485,12932.714,810.73,29,29,262144,2760,2755
simple,update,4,1048576,1,256,10,1275,10485,0.90,10485,1711.279,6126.99,29,29,262144,2760,2755
simple,delete,4,1048576,1,256,10,1275,10485,0.90,10485,1970.433,5321.17,29,29,262144,2760,2755
simple,insert,4,1048576,1,2048,10,1275,10485,0.90,10485,74806.994,140.16,208,208,262144,7282,7488
simple,update,4,1048576,1,2048,10,1275,10485,0.90,10485,10882.769,963.45,208,208,262144,7282,7488
simple,delete,4,1048576,1,2048,10,1275,10485,0.90,10485,11068.360,947.29,208,208,262144,7282,7488
simple,insert,4,1048576,1,8192,10,1275,10485,0.90,10485,320995.652,32.66,823,823,262144,14564,14814
simple,update,4,1048576,1,8192,10,1275,10485,0.90,10485,36367.999,288.30,823,823,262144,14564,14814
simple,delete,4,1048576,1,8192,10,1275,10485,0.90,10485,36625.742,286.27,823,823,262144,14564,14814
simple,insert,4,4194304,1,256,10,1275,41943,0.90,41943,39694.451,1056.65,29,29,1048576,5519,5510
simple,update,4,4194304,1,256,10,1275,41943,0.90,41943,5306.134,7904.63,29,29,1048576,5519,5510
simple,delete,4,4194304,1,256,10,1275,41943,0.90,41943,6467.202,6485.49,29,29,1048576,5519,5510
simple,insert,4,4194304,1,2048,10,1275,41943,0.90,41943,351225.156,119.42,208,208,1048576,14769,14768
simple,update,4,4194304,1,2048,10,1275,41943,0.90,41943,49548.146,846.51,208,208,1048576,14769,14768
simple,delete,4,4194304,1,2048,10,1275,41943,0.90,41943,50745.097,826.54,208,208,1048576,14769,14768
simple,insert,4,4194304,1,8192,10,1275,41943,0.90,41943,811404.893,51.69,823,823,1048576,29128,29628
simple,update,4,4194304,1,8192,10,1275,41943,0.90,41943,119483.317,351.04,823,823,1048576,29128,29628
simple,delete,4,4194304,1,8192,10,1275,41943,0.90,41943,119650.428,350.55,823,823,1048576,29128,29628
simple,insert,4,524288,2,256,10,1275,10485,0.90,10485,2047.149,5121.76,29,58,131072,2731,2784
simple,update,4,524288,2,256,10,1275,10485,0.90,10485,712.235,14721.26,29,58,131072,2731,2784
simple,delete,4,524288,2,256,10,1275,10485,0.90,10485,823.356,12734.46,29,58,131072,2731,2784
simple,insert,4,524288,2,2048,10,1275,10485,0.90,10485,29216.014,358.88,208,416,131072,7282,7488
simple,update,4,524288,2,2048,10,1275,10485,0.90,10485,10881.305,963.58,208,416,131072,7282,7488
simple,delete,4,524288,2,2048,10,1275,10485,0.90,10485,11144.168,940.85,208,416,131072,7282,7488
simple,insert,4,524288,2,8192,10,1275,10485,0.90,10485,94128.088,111.39,823,1646,131072,14564,14814
simple,update,4,524288,2,8192,10,1275,10485,0.90,10485,36139.659,290.12,823,1646,131072,14564,14814
simple,delete,4,524288,2,8192,10,1275,10485,0.90,10485,76021.670,137.92,823,1646,131072,14564,14814
simple,insert,4,2097152,2,256,10,1275,41943,0.90,41943,27315.495,1535.50,29,58,524288,5519,5510
simple,update,4,2097152,2,256,10,1275,41943,0.90,41943,8371.744,5010.07,29,58,524288,5519,5510
simple,delete,4,2097152,2,256,10,1275,41943,0.90,41943,5817.741,7209.50,29,58,524288,5519,5510
simple,insert,4,2097152,2,2048,10,1275,41943,0.90,41943,76912.609,545.33,208,416,524288,14564,14976
simple,update,4,2097152,2,2048,10,1275,41943,0.90,41943,30784.279,1362.48,208,416,524288,14564,14976
simple,delete,4,2097152,2,2048,10,1275,41943,0.90,41943,30824.423,1360.71,208,416,524288,14564,14976
simple,insert,4,2097152,2,8192,10,1275,41943,0.90,41943,302761.150,138.53,823,1646,524288,29128,29628
simple,update,4,2097152,2,8192,10,1275,41943,0.90,41943,120707.872,347.48,823,1646,524288,29128,29628
simple,delete,4,2097152,2,8192,10,1275,41943,0.90,41943,119290.564,351.60,823,1646,524288,29128,29628
simple,insert,3,786432,2,256,10,1275,15728,0.90,15728,9203.024,1709.00,29,58,262144,3913,3886
simple,update,3,786432,2,256,10,1275,15728,0.90,15728,1855.616,8475.89,29,58,262144,3913,3886
simple,delete,3,786432,2,256,10,1275,15728,0.90,15728,2051.728,7665.73,29,58,262144,3913,3886
simple,insert,3,786432,2,2048,10,1275,15728,0.90,15728,33942.509,463.37,208,416,262144,10486,10400
simple,update,3,786432,2,2048,10,1275,15728,0.90,15728,7769.251,2024.39,208,416,262144,10486,10400
simple,delete,3,786432,2,2048,10,1275,15728,0.90,15728,7710.068,2039.93,208,416,262144,10486,10400
simple,insert,3,786432,2,8192,10,1275,15728,0.90,15728,451880.420,34.81,823,1646,262144,20165,21398
simple,update,3,786432,2,8192,10,1275,15728,0.90,15728,100106.790,157.11,823,1646,262144,20165,21398
simple,delete,3,786432,2,8192,10,1275,15728,0.90,15728,101505.698,154.95,823,1646,262144,20165,21398
simple,insert,3,1572864,2,256,10,1275,31457,0.90,31457,18708.778,1681.40,29,58,524288,5519,5510
simple,update,3,1572864,2,256,10,1275,31457,0.90,31457,3879.840,8107.81,29,58,524288,5519,5510
simple,delete,3,1572864,2,256,10,1275,31457,0.90,31457,4404.188,7142.52,29,58,524288,5519,5510
simple,insert,3,1572864,2,2048,10,1275,31457,0.90,31457,101450.482,310.07,208,416,524288,14564,14976
simple,update,3,1572864,2,2048,10,1275,31457,0.90,31457,23100.489,1361.75,208,416,524288,14564,14976
simple,delete,3,1572864,2,2048,10,1275,31457,0.90,31457,22990.218,1368.28,208,416,524288,14564,14976
simple,insert,3,1572864,2,8192,10,1275,31457,0.90,31457,389853.688,80.69,823,1646,524288,29128,29628
simple,update,3,1572864,2,8192,10,1275,31457,0.90,31457,88661.483,354.80,823,1646,524288,29128,29628
simple,delete,3,1572864,2,8192,10,1275,31457,0.90,31457,89241.167,352.49,823,1646,524288,29128,29628
simple,insert,3,393216,3,256,10,1275,11796,0.90,11796,6067.018,1944.28,29,87,131072,3361,3393
simple,update,3,393216,3,256,10,1275,11796,0.90,11796,1925.747,6125.41,29,87,131072,3361,3393
simple,delete,3,393216,3,256,10,1275,11796,0.90,11796,2143.738,5502.54,29,87,131072,3361,3393
simple,insert,3,393216,3,2048,10,1275,11796,0.90,11796,42623.113,276.75,208,624,131072,9363,8736
simple,update,3,393216,3,2048,10,1275,11796,0.90,11796,14880.576,792.71,208,624,131072,9363,8736
simple,delete,3,393216,3,2048,10,1275,11796,0.90,11796,15182.802,776.93,208,624,131072,9363,8736
simple,insert,3,393216,3,8192,10,1275,11796,0.90,11796,164086.935,71.89,823,2469,131072,18725,17283
simple,update,3,393216,3,8192,10,1275,11796,0.90,11796,59068.542,199.70,823,2469,131072,18725,17283
simple,delete,3,393216,3,8192,10,1275,11796,0.90,11796,59763.038,197.38,823,2469,131072,18725,17283
simple,insert,3,1572864,3,256,10,1275,47185,0.90,47185,17827.556,2646.75,29,87,524288,6722,6786
simple,update,3,1572864,3,256,10,1275,47185,0.90,47185,5867.631,8041.58,29,87,524288,6722,6786
simple,delete,3,1572864,3,256,10,1275,47185,0.90,47185,6826.851,6911.68,29,87,524288,6722,6786
simple,insert,3,1572864,3,2048,10,1275,47185,0.90,47185,63648.050,741.34,208,624,524288,18079,18096
simple,update,3,1572864,3,2048,10,1275,47185,0.90,47185,22737.557,2075.20,208,624,524288,18079,18096
simple,delete,3,1572864,3,2048,10,1275,47185,0.90,47185,23544.626,2004.07,208,624,524288,18079,18096
simple,insert,3,1572864,3,8192,10,1275,47185,0.90,47185,661167.846,71.37,823,2469,524288,34953,37035
simple,update,3,1572864,3,8192,10,1275,47185,0.90,47185,237913.042,198.33,823,2469,524288,34953,37035
simple,delete,3,1572864,3,8192,10,1275,47185,0.90,47185,241113.802,195.70,823,2469,524288,34953,37035
simple,insert,4,524288,3,256,10,1275,15728,0.90,15728,5389.952,2918.02,29,87,131072,3361,3393
simple,update,4,524288,3,256,10,1275,15728,0.90,15728,2580.978,6093.81,29,87,131072,3361,3393
simple,delete,4,524288,3,256,10,1275,15728,0.90,15728,2869.803,5480.52,29,87,131072,3361,3393
simple,insert,4,524288,3,2048,10,1275,15728,0.90,15728,37879.404,415.21,208,624,131072,9363,8736
simple,update,4,524288,3,2048,10,1275,15728,0.90,15728,19781.918,795.07,208,624,131072,9363,8736
simple,delete,4,524288,3,2048,10,1275,15728,0.90,15728,20292.894,775.05,208,624,131072,9363,8736
simple,insert,4,524288,3,8192,10,1275,15728,0.90,15728,146239.640,107.55,823,2469,131072,18725,17283
simple,update,4,524288,3,8192,10,1275,15728,0.90,15728,78757.159,199.70,823,2469,131072,18725,17283
simple,delete,4,524288,3,8192,10,1275,15728,0.90,15728,79604.013,197.58,823,2469,131072,18725,17283
simple,insert,4,1048576,3,256,10,1275,31457,0.90,31457,10838.795,2902.26,29,87,262144,4767,4785
simple,update,4,1048576,3,256,10,1275,31457,0.90,31457,5391.230,5834.85,29,87,262144,4767,4785
simple,delete,4,1048576,3,256,10,1275,31457,0.90,31457,5913.642,5319.40,29,87,262144,4767,4785
simple,insert,4,1048576,3,2048,10,1275,31457,0.90,31457,74356.872,423.05,208,624,262144,13108,12480
simple,update,4,1048576,3,2048,10,1275,31457,0.90,31457,39690.147,792.56,208,624,262144,13108,12480
simple,delete,4,1048576,3,2048,10,1275,31457,0.90,31457,39978.372,786.85,208,624,262144,13108,12480
simple,insert,4,1048576,3,8192,10,1275,31457,0.90,31457,205095.522,153.38,823,2469,262144,26215,24690
simple,update,4,1048576,3,8192,10,1275,31457,0.90,31457,108655.189,289.51,823,2469,262144,26215,24690
simple,delete,4,1048576,3,8192,10,1275,31457,0.90,31457,110023.743,285.91,823,2469,262144,26215,24690
