backend,arity,num_buckets,bucket_size,num_keys,db_size,value_bits,plaintext_bits,fingerprint_bits,lwe_dim,batch,mean_qps,min_qps,max_qps,stddev_qps,query_bytes,response_bytes,cells_per_slot,row_width,segment_rows,db_rows,db_cols,load_factor
frodo,2,262144,4,1000000,1048576,256,9,32,1566,64,80.79,72.78,87.41,3.32,1048588,1036,32,128,131072,131072,128,0.9537
frodo,2,262144,4,1000000,1048576,2048,9,32,1566,64,11.24,10.49,11.92,0.30,1048588,7436,232,928,131072,131072,928,0.9537
frodo,2,262144,4,1000000,1048576,8192,9,32,1566,64,2.67,2.54,2.83,0.05,1048588,29260,914,3656,131072,131072,3656,0.9537
frodo,4,1048576,1,1000000,1048576,256,9,32,1566,64,74.18,67.63,79.88,2.60,4194316,524,32,32,262144,262144,32,0.9537
frodo,4,1048576,1,1000000,1048576,2048,9,32,1566,64,11.13,10.60,11.92,0.32,4194316,3724,232,232,262144,262144,232,0.9537
frodo,4,1048576,1,1000000,1048576,8192,9,32,1566,64,2.80,2.67,2.97,0.06,4194316,14636,914,914,262144,262144,914,0.9537
frodo,4,524288,2,1000000,1048576,256,9,32,1566,64,81.21,73.08,89.28,3.65,2097164,1036,32,64,131072,131072,64,0.9537
frodo,4,524288,2,1000000,1048576,2048,9,32,1566,64,10.81,9.99,11.73,0.37,2097164,7436,232,464,131072,131072,464,0.9537
frodo,4,524288,2,1000000,1048576,8192,9,32,1566,64,2.87,2.71,3.06,0.07,2097164,29260,914,1828,131072,131072,1828,0.9537
frodo,3,786432,2,1500000,1572864,256,9,32,1566,64,49.61,41.31,54.06,2.13,3145740,780,32,64,262144,262144,64,0.9537
frodo,3,786432,2,1500000,1572864,2048,9,32,1566,64,7.34,6.95,7.77,0.19,3145740,5580,232,464,262144,262144,464,0.9537
frodo,3,786432,2,1500000,1572864,8192,9,32,1566,64,1.89,1.82,1.99,0.04,3145740,21948,914,1828,262144,262144,1828,0.9537
frodo,4,524288,3,1500000,1572864,256,9,32,1566,64,53.91,49.06,56.84,1.67,2097164,1548,32,96,131072,131072,96,0.9537
frodo,4,524288,3,1500000,1572864,2048,9,32,1566,64,7.57,7.15,7.96,0.21,2097164,11148,232,696,131072,131072,696,0.9537
frodo,4,524288,3,1500000,1572864,8192,9,32,1566,64,1.83,1.75,1.90,0.03,2097164,43884,914,2742,131072,131072,2742,0.9537
frodo,3,1572864,2,3000000,3145728,256,9,32,1566,64,26.32,24.05,28.11,0.90,6291468,780,32,64,524288,524288,64,0.9537
frodo,3,1572864,2,3000000,3145728,2048,9,32,1566,64,3.59,3.33,3.83,0.09,6291468,5580,232,464,524288,524288,464,0.9537
frodo,3,1572864,2,3000000,3145728,8192,9,32,1566,64,0.93,0.89,0.99,0.02,6291468,21948,914,1828,524288,524288,1828,0.9537
frodo,4,1048576,3,3000000,3145728,256,9,32,1566,64,25.49,22.95,27.61,1.09,4194316,1548,32,96,262144,262144,96,0.9537
frodo,4,1048576,3,3000000,3145728,2048,9,32,1566,64,3.70,3.44,4.00,0.11,4194316,11148,232,696,262144,262144,696,0.9537
frodo,4,1048576,3,3000000,3145728,8192,9,32,1566,64,0.90,0.86,0.95,0.02,4194316,43884,914,2742,262144,262144,2742,0.9537
frodo,2,1048576,4,4000000,4194304,256,9,32,1566,64,19.53,17.96,20.87,0.66,4194316,1036,32,128,524288,524288,128,0.9537
frodo,2,1048576,4,4000000,4194304,2048,9,32,1566,64,2.65,2.49,2.83,0.06,4194316,7436,232,928,524288,524288,928,0.9537
frodo,2,1048576,4,4000000,4194304,8192,9,32,1566,64,0.64,0.57,0.67,0.01,4194316,29260,914,3656,524288,524288,3656,0.9537
frodo,4,4194304,1,4000000,4194304,256,9,32,1566,64,18.87,17.34,20.30,0.61,16777228,524,32,32,1048576,1048576,32,0.9537
frodo,4,4194304,1,4000000,4194304,2048,9,32,1566,64,2.67,2.50,2.84,0.06,16777228,3724,232,232,1048576,1048576,232,0.9537
frodo,4,4194304,1,4000000,4194304,8192,9,32,1566,64,0.68,0.64,0.73,0.02,16777228,14636,914,914,1048576,1048576,914,0.9537
frodo,4,2097152,2,4000000,4194304,256,9,32,1566,64,19.39,17.96,20.84,0.68,8388620,1036,32,64,524288,524288,64,0.9537
frodo,4,2097152,2,4000000,4194304,2048,9,32,1566,64,2.75,2.61,2.91,0.06,8388620,7436,232,464,524288,524288,464,0.9537
frodo,4,2097152,2,4000000,4194304,8192,9,32,1566,64,0.71,0.67,0.74,0.01,8388620,29260,914,1828,524288,524288,1828,0.9537
simple,2,262144,4,1000000,1048576,256,10,32,1275,64,78.90,68.18,84.66,3.57,30860,31564,29,116,131072,3856,3944,0.9537
simple,2,262144,4,1000000,1048576,2048,10,32,1275,64,11.35,10.50,12.13,0.32,80676,86540,208,832,131072,10083,10816,0.9537
simple,2,262144,4,1000000,1048576,8192,10,32,1275,64,2.86,2.72,3.01,0.07,174780,158028,823,3292,131072,21846,19752,0.9537
simple,4,1048576,1,1000000,1048576,256,10,32,1275,64,55.39,52.90,56.38,0.61,44172,44092,29,29,262144,2760,2755,0.9537
simple,4,1048576,1,1000000,1048576,2048,10,32,1275,64,11.20,10.49,11.87,0.27,116524,119820,208,208,262144,7282,7488,0.9537
simple,4,1048576,1,1000000,1048576,8192,10,32,1275,64,2.87,2.72,3.02,0.06,233036,237036,823,823,262144,14564,14814,0.9537
simple,4,524288,2,1000000,1048576,256,10,32,1275,64,80.14,70.56,85.49,2.51,43708,44556,29,58,131072,2731,2784,0.9537
simple,4,524288,2,1000000,1048576,2048,10,32,1275,64,11.47,10.69,12.37,0.32,116524,119820,208,416,131072,7282,7488,0.9537
simple,4,524288,2,1000000,1048576,8192,10,32,1275,64,1.88,1.65,2.07,0.10,233036,237036,823,1646,131072,14564,14814,0.9537
simple,3,786432,2,1500000,1572864,256,10,32,1275,64,52.43,47.31,55.91,1.77,46968,46644,29,58,262144,3913,3886,0.9537
simple,3,786432,2,1500000,1572864,2048,10,32,1275,64,7.53,7.03,7.96,0.20,125844,124812,208,416,262144,10486,10400,0.9537
simple,3,786432,2,1500000,1572864,8192,10,32,1275,64,1.91,1.83,1.99,0.04,241992,256788,823,1646,262144,20165,21398,0.9537
simple,4,524288,3,1500000,1572864,256,10,32,1275,64,49.90,45.33,52.88,1.53,53788,54300,29,87,131072,3361,3393,0.9537
simple,4,524288,3,1500000,1572864,2048,10,32,1275,64,7.56,7.00,8.13,0.23,149820,139788,208,624,131072,9363,8736,0.9537
simple,4,524288,3,1500000,1572864,8192,10,32,1275,64,1.92,1.82,2.01,0.04,299612,276540,823,2469,131072,18725,17283,0.9537
simple,3,1572864,2,3000000,3145728,256,10,32,1275,64,25.38,23.06,27.56,0.84,66240,66132,29,58,524288,5519,5510,0.9537
simple,3,1572864,2,3000000,3145728,2048,10,32,1275,64,3.73,3.50,3.94,0.08,174780,179724,208,416,524288,14564,14976,0.9537
simple,3,1572864,2,3000000,3145728,8192,10,32,1275,64,0.95,0.91,0.99,0.01,349548,355548,823,1646,524288,29128,29628,0.9537
simple,4,1048576,3,3000000,3145728,256,10,32,1275,64,25.87,24.29,27.21,0.72,76284,76572,29,87,262144,4767,4785,0.9537
simple,4,1048576,3,3000000,3145728,2048,10,32,1275,64,3.82,3.66,3.97,0.07,209740,199692,208,624,262144,13108,12480,0.9537
simple,4,1048576,3,3000000,3145728,8192,10,32,1275,64,0.96,0.91,0.99,0.01,419452,395052,823,2469,262144,26215,24690,0.9537
simple,2,1048576,4,4000000,4194304,256,10,32,1275,64,20.03,18.94,21.49,0.45,62620,62188,29,116,524288,7826,7772,0.9537
simple,2,1048576,4,4000000,4194304,2048,10,32,1275,64,2.77,2.64,2.92,0.06,167788,166412,208,832,524288,20972,20800,0.9537
simple,2,1048576,4,4000000,4194304,8192,10,32,1275,64,0.71,0.66,0.75,0.01,322652,342380,823,3292,524288,40330,42796,0.9537
simple,4,4194304,1,4000000,4194304,256,10,32,1275,64,13.97,13.23,14.31,0.15,88316,88172,29,29,1048576,5519,5510,0.9537
simple,4,4194304,1,4000000,4194304,2048,10,32,1275,64,2.67,2.55,2.83,0.06,236316,236300,208,208,1048576,14769,14768,0.9537
simple,4,4194304,1,4000000,4194304,8192,10,32,1275,64,0.69,0.66,0.72,0.01,466060,474060,823,823,1048576,29128,29628,0.9537
simple,4,2097152,2,4000000,4194304,256,10,32,1275,64,19.89,18.50,21.34,0.59,88316,88172,29,58,524288,5519,5510,0.9537
simple,4,2097152,2,4000000,4194304,2048,10,32,1275,64,2.73,2.58,2.83,0.06,233036,239628,208,416,524288,14564,14976,0.9537
simple,4,2097152,2,4000000,4194304,8192,10,32,1275,64,0.70,0.69,0.72,0.01,466060,474060,823,1646,524288,29128,29628,0.9537
