backend,mutation_kind,arity,num_buckets,bucket_size,value_bits,plaintext_bits,lwe_dim,n_mutations,load_factor,n_attempted,n_succeeded,total_ms,ops_per_s,delta_bytes_total,cells_per_slot,row_width,segment_rows,db_rows,db_cols
frodo,insert,2,262144,4,256,9,1566,10485,0.90,10485,10485,7229.119,1450.38,18993732,32,128,131072,131072,128
frodo,update,2,262144,4,256,9,1566,10485,0.90,10485,10485,1190.589,8806.56,3297514,32,128,131072,131072,128
frodo,delete,2,262144,4,256,9,1566,10485,0.90,10485,10485,1316.352,7965.19,3647940,32,128,131072,131072,128
frodo,insert,2,262144,4,2048,9,1566,10485,0.90,10485,10485,30595.812,342.69,136204966,232,928,131072,131072,928
frodo,update,2,262144,4,2048,9,1566,10485,0.90,10485,10485,5215.449,2010.37,24051094,232,928,131072,131072,928
frodo,delete,2,262144,4,2048,9,1566,10485,0.90,10485,10485,5295.286,1980.06,24565530,232,928,131072,131072,928
frodo,insert,2,262144,4,8192,9,1566,10485,0.90,10485,10485,157110.332,66.74,544783112,914,3656,131072,131072,3656
frodo,update,2,262144,4,8192,9,1566,10485,0.90,10485,10485,26780.097,391.52,95051974,914,3656,131072,131072,3656
frodo,delete,2,262144,4,8192,9,1566,10485,0.90,10485,10485,27260.169,384.63,96124820,914,3656,131072,131072,3656
frodo,insert,2,1048576,4,256,9,1566,41943,0.90,41943,41943,29125.542,1440.08,76514800,32,128,524288,524288,128
frodo,update,2,1048576,4,256,9,1566,41943,0.90,41943,41943,4814.184,8712.38,13190980,32,128,524288,524288,128
frodo,delete,2,1048576,4,256,9,1566,41943,0.90,41943,41943,5328.413,7871.57,14592674,32,128,524288,524288,128
frodo,insert,2,1048576,4,2048,9,1566,41943,0.90,41943,41943,119285.155,351.62,534404172,232,928,524288,524288,928
frodo,update,2,1048576,4,2048,9,1566,41943,0.90,41943,41943,21105.325,1987.32,96211260,232,928,524288,524288,928
frodo,delete,2,1048576,4,2048,9,1566,41943,0.90,41943,41943,21172.986,1980.97,98268974,232,928,524288,524288,928
frodo,insert,2,1048576,4,8192,9,1566,41943,0.90,41943,41943,695074.768,60.34,2118065666,914,3656,524288,524288,3656
frodo,update,2,1048576,4,8192,9,1566,41943,0.90,41943,41943,137203.599,305.70,380235280,914,3656,524288,524288,3656
frodo,delete,2,1048576,4,8192,9,1566,41943,0.90,41943,41943,119150.265,352.02,384526654,914,3656,524288,524288,3656
frodo,insert,4,1048576,1,256,9,1566,10485,0.90,10485,10485,4097.643,2558.79,23181744,32,32,262144,262144,32
frodo,update,4,1048576,1,256,9,1566,10485,0.90,10485,10485,550.581,19043.54,3381394,32,32,262144,262144,32
frodo,delete,4,1048576,1,256,9,1566,10485,0.90,10485,10485,624.786,16781.75,3731820,32,32,262144,262144,32
frodo,insert,4,1048576,1,2048,9,1566,10485,0.90,10485,10485,33290.467,314.96,161047388,232,232,262144,262144,232
frodo,update,4,1048576,1,2048,9,1566,10485,0.90,10485,10485,4849.820,2161.94,24134974,232,232,262144,262144,232
frodo,delete,4,1048576,1,2048,9,1566,10485,0.90,10485,10485,4814.423,2177.83,24649410,232,232,262144,262144,232
frodo,insert,4,1048576,1,8192,9,1566,10485,0.90,10485,10485,346199.666,30.29,641223716,914,914,262144,262144,914
frodo,update,4,1048576,1,8192,9,1566,10485,0.90,10485,10485,41279.902,254.00,95135854,914,914,262144,262144,914
frodo,delete,4,1048576,1,8192,9,1566,10485,0.90,10485,10485,41830.914,250.65,96208700,914,914,262144,262144,914
frodo,insert,4,4194304,1,256,9,1566,41943,0.90,41943,41943,16569.604,2531.32,92326944,32,32,1048576,1048576,32
frodo,update,4,4194304,1,256,9,1566,41943,0.90,41943,41943,2224.258,18857.08,13526524,32,32,1048576,1048576,32
frodo,delete,4,4194304,1,256,9,1566,41943,0.90,41943,41943,2461.799,17037.54,14928218,32,32,1048576,1048576,32
frodo,insert,4,4194304,1,2048,9,1566,41943,0.90,41943,41943,132127.664,317.44,646141618,232,232,1048576,1048576,232
frodo,update,4,4194304,1,2048,9,1566,41943,0.90,41943,41943,19780.136,2120.46,96546804,232,232,1048576,1048576,232
frodo,delete,4,4194304,1,2048,9,1566,41943,0.90,41943,41943,19793.159,2119.07,98604518,232,232,1048576,1048576,232
frodo,insert,4,4194304,1,8192,9,1566,41943,0.90,41943,41943,997676.495,42.04,2535169642,914,914,1048576,1048576,914
frodo,update,4,4194304,1,8192,9,1566,41943,0.90,41943,41943,168577.355,248.81,380570824,914,914,1048576,1048576,914
frodo,delete,4,4194304,1,8192,9,1566,41943,0.90,41943,41943,174944.072,239.75,384862198,914,914,1048576,1048576,914
frodo,insert,4,524288,2,256,9,1566,10485,0.90,10485,10485,1791.450,5852.80,8849102,32,64,131072,131072,64
frodo,update,4,524288,2,256,9,1566,10485,0.90,10485,10485,626.927,16724.43,3381394,32,64,131072,131072,64
frodo,delete,4,524288,2,256,9,1566,10485,0.90,10485,10485,681.164,15392.76,3731820,32,64,131072,131072,64
frodo,insert,4,524288,2,2048,9,1566,10485,0.90,10485,10485,12750.122,822.35,59917062,232,464,131072,131072,464
frodo,update,4,524288,2,2048,9,1566,10485,0.90,10485,10485,5006.726,2094.18,24134974,232,464,131072,131072,464
frodo,delete,4,524288,2,2048,9,1566,10485,0.90,10485,10485,5063.794,2070.58,24649410,232,464,131072,131072,464
frodo,insert,4,524288,2,8192,9,1566,10485,0.90,10485,10485,89429.539,117.24,235982016,914,1828,131072,131072,1828
frodo,update,4,524288,2,8192,9,1566,10485,0.90,10485,10485,70015.023,149.75,95135854,914,1828,131072,131072,1828
frodo,delete,4,524288,2,8192,9,1566,10485,0.90,10485,10485,34906.216,300.38,96208700,914,1828,131072,131072,1828
frodo,insert,4,2097152,2,256,9,1566,41943,0.90,41943,41943,7113.391,5896.34,35200354,32,64,524288,524288,64
frodo,update,4,2097152,2,256,9,1566,41943,0.90,41943,41943,2541.412,16503.81,13526524,32,64,524288,524288,64
frodo,delete,4,2097152,2,256,9,1566,41943,0.90,41943,41943,2810.148,14925.55,14928218,32,64,524288,524288,64
frodo,insert,4,2097152,2,2048,9,1566,41943,0.90,41943,41943,51539.176,813.81,242039074,232,464,524288,524288,464
frodo,update,4,2097152,2,2048,9,1566,41943,0.90,41943,41943,19640.409,2135.55,96546804,232,464,524288,524288,464
frodo,delete,4,2097152,2,2048,9,1566,41943,0.90,41943,41943,20016.230,2095.45,98604518,232,464,524288,524288,464
frodo,insert,4,2097152,2,8192,9,1566,41943,0.90,41943,41943,345127.287,121.53,961008462,914,1828,524288,524288,1828
frodo,update,4,2097152,2,8192,9,1566,41943,0.90,41943,41943,141044.506,297.37,380570824,914,1828,524288,524288,1828
frodo,delete,4,2097152,2,8192,9,1566,41943,0.90,41943,41943,141709.300,295.98,384862198,914,1828,524288,524288,1828
frodo,insert,3,786432,2,256,9,1566,15728,0.90,15728,15728,4542.346,3462.53,22661752,32,64,262144,262144,64
frodo,update,3,786432,2,256,9,1566,15728,0.90,15728,15728,963.449,16324.69,5009332,32,64,262144,262144,64
frodo,delete,3,786432,2,256,9,1566,15728,0.90,15728,15728,1071.184,14682.81,5535076,32,64,262144,262144,64
frodo,insert,3,786432,2,2048,9,1566,15728,0.90,15728,15728,35378.490,444.56,159457426,232,464,262144,262144,464
frodo,update,3,786432,2,2048,9,1566,15728,0.90,15728,15728,7377.094,2132.00,36140692,232,464,262144,262144,464
frodo,delete,3,786432,2,2048,9,1566,15728,0.90,15728,15728,7553.544,2082.20,36912466,232,464,262144,262144,464
frodo,insert,3,786432,2,8192,9,1566,15728,0.90,15728,15728,303557.972,51.81,631416084,914,1828,262144,262144,1828
frodo,update,3,786432,2,8192,9,1566,15728,0.90,15728,15728,50171.738,313.48,142645432,914,1828,262144,262144,1828
frodo,delete,3,786432,2,8192,9,1566,15728,0.90,15728,15728,51780.912,303.74,144254816,914,1828,262144,262144,1828
frodo,insert,3,1572864,2,256,9,1566,31457,0.90,31457,31457,9017.910,3488.28,45611614,32,64,524288,524288,64
frodo,update,3,1572864,2,256,9,1566,31457,0.90,31457,31457,1888.288,16659.01,10018986,32,64,524288,524288,64
frodo,delete,3,1572864,2,256,9,1566,31457,0.90,31457,31457,2099.229,14985.02,11070364,32,64,524288,524288,64
frodo,insert,3,1572864,2,2048,9,1566,31457,0.90,31457,31457,65213.293,482.37,315624108,232,464,524288,524288,464
frodo,update,3,1572864,2,2048,9,1566,31457,0.90,31457,31457,14419.406,2181.57,72283696,232,464,524288,524288,464
frodo,delete,3,1572864,2,2048,9,1566,31457,0.90,31457,31457,14825.394,2121.83,73827074,232,464,524288,524288,464
frodo,insert,3,1572864,2,8192,9,1566,31457,0.90,31457,31457,456593.338,68.90,1248499482,914,1828,524288,524288,1828
frodo,update,3,1572864,2,8192,9,1566,31457,0.90,31457,31457,100630.067,312.60,285300006,914,1828,524288,524288,1828
frodo,delete,3,1572864,2,8192,9,1566,31457,0.90,31457,31457,100792.948,312.10,288518644,914,1828,524288,524288,1828
frodo,insert,3,393216,3,256,9,1566,11796,0.90,11796,11796,1968.798,5991.47,10791032,32,96,131072,131072,96
frodo,update,3,393216,3,256,9,1566,11796,0.90,11796,11796,645.029,18287.55,3757066,32,96,131072,131072,96
frodo,delete,3,393216,3,256,9,1566,11796,0.90,11796,11796,701.909,16805.60,4151352,32,96,131072,131072,96
frodo,insert,3,393216,3,2048,9,1566,11796,0.90,11796,11796,18092.503,651.98,75294510,232,696,131072,131072,696
frodo,update,3,393216,3,2048,9,1566,11796,0.90,11796,11796,6127.271,1925.16,27106096,232,696,131072,131072,696
frodo,delete,3,393216,3,2048,9,1566,11796,0.90,11796,11796,6241.011,1890.08,27684352,232,696,131072,131072,696
frodo,insert,3,393216,3,8192,9,1566,11796,0.90,11796,11796,144267.763,81.76,300840280,914,2742,131072,131072,2742
frodo,update,3,393216,3,8192,9,1566,11796,0.90,11796,11796,98612.314,119.62,106986346,914,2742,131072,131072,2742
frodo,delete,3,393216,3,8192,9,1566,11796,0.90,11796,11796,50934.440,231.59,108191152,914,2742,131072,131072,2742
frodo,insert,3,1572864,3,256,8,1566,47185,0.90,47185,47185,9255.896,5097.83,48244592,36,108,524288,524288,108
frodo,update,3,1572864,3,256,8,1566,47185,0.90,47185,47185,2906.473,16234.45,16488088,36,108,524288,524288,108
frodo,delete,3,1572864,3,256,8,1566,47185,0.90,47185,47185,3201.946,14736.35,18430530,36,108,524288,524288,108
frodo,insert,3,1572864,3,2048,8,1566,47185,0.90,47185,47185,103660.380,455.19,337064030,260,780,524288,524288,780
frodo,update,3,1572864,3,2048,8,1566,47185,0.90,47185,47185,34524.374,1366.72,121355928,260,780,524288,524288,780
frodo,delete,3,1572864,3,2048,8,1566,47185,0.90,47185,47185,35307.540,1336.40,123712060,260,780,524288,524288,780
frodo,insert,3,1572864,3,8192,8,1566,47185,0.90,47185,47185,904648.892,52.16,1325547732,1028,3084,524288,524288,3084
frodo,update,3,1572864,3,8192,8,1566,47185,0.90,47185,47185,291896.876,161.65,480902808,1028,3084,524288,524288,3084
frodo,delete,3,1572864,3,8192,8,1566,47185,0.90,47185,47185,297942.551,158.37,484677310,1028,3084,524288,524288,3084
frodo,insert,4,524288,3,256,9,1566,15728,0.90,15728,15728,1811.787,8680.93,9895160,32,96,131072,131072,96
frodo,update,4,524288,3,256,9,1566,15728,0.90,15728,15728,851.039,18480.95,5072244,32,96,131072,131072,96
frodo,delete,4,524288,3,256,9,1566,15728,0.90,15728,15728,962.459,16341.48,5597988,32,96,131072,131072,96
frodo,insert,4,524288,3,2048,9,1566,15728,0.90,15728,15728,16226.822,969.26,67233156,232,696,131072,131072,696
frodo,update,4,524288,3,2048,9,1566,15728,0.90,15728,15728,8538.860,1841.93,36203604,232,696,131072,131072,696
frodo,delete,4,524288,3,2048,9,1566,15728,0.90,15728,15728,8358.046,1881.78,36975378,232,696,131072,131072,696
frodo,insert,4,524288,3,8192,9,1566,15728,0.90,15728,15728,179557.102,87.59,264203138,914,2742,131072,131072,2742
frodo,update,4,524288,3,8192,9,1566,15728,0.90,15728,15728,70253.948,223.87,142708344,914,2742,131072,131072,2742
frodo,delete,4,524288,3,8192,9,1566,15728,0.90,15728,15728,71369.361,220.37,144317728,914,2742,131072,131072,2742
frodo,insert,4,1048576,3,256,9,1566,31457,0.90,31457,31457,3676.009,8557.38,19912380,32,96,262144,262144,96
frodo,update,4,1048576,3,256,9,1566,31457,0.90,31457,31457,1735.944,18120.97,10144814,32,96,262144,262144,96
frodo,delete,4,1048576,3,256,9,1566,31457,0.90,31457,31457,2172.659,14478.57,11196192,32,96,262144,262144,96
frodo,insert,4,1048576,3,2048,9,1566,31457,0.90,31457,31457,32979.121,953.85,135772694,232,696,262144,262144,696
frodo,update,4,1048576,3,2048,9,1566,31457,0.90,31457,31457,16994.596,1851.00,72409524,232,696,262144,262144,696
frodo,delete,4,1048576,3,2048,9,1566,31457,0.90,31457,31457,17211.764,1827.65,73952902,232,696,262144,262144,696
frodo,insert,4,1048576,3,8192,9,1566,31457,0.90,31457,31457,272135.317,115.59,531828306,914,2742,262144,262144,2742
frodo,update,4,1048576,3,8192,9,1566,31457,0.90,31457,31457,141387.087,222.49,285425834,914,2742,262144,262144,2742
frodo,delete,4,1048576,3,8192,9,1566,31457,0.90,31457,31457,143072.929,219.87,288644472,914,2742,262144,262144,2742
simple,insert,2,262144,4,256,10,1275,10485,0.90,10485,10485,5150.069,2035.90,17550154,29,116,131072,3856,3944
simple,update,2,262144,4,256,10,1275,10485,0.90,10485,10485,805.894,13010.40,2997704,29,116,131072,3856,3944
simple,delete,2,262144,4,256,10,1275,10485,0.90,10485,10485,920.131,11395.11,3333450,29,116,131072,3856,3944
simple,insert,2,262144,4,2048,10,1275,10485,0.90,10485,10485,34172.900,306.82,122226508,208,832,131072,10083,10816
simple,update,2,262144,4,2048,10,1275,10485,0.90,10485,10485,5876.187,1784.32,21619074,208,832,131072,10083,10816
simple,delete,2,262144,4,2048,10,1275,10485,0.90,10485,10485,5954.669,1760.80,22102010,208,832,131072,10083,10816
simple,insert,2,262144,4,8192,10,1275,10485,0.90,10485,10485,133545.774,78.51,480795858,823,3292,131072,21846,19752
simple,update,2,262144,4,8192,10,1275,10485,0.90,10485,10485,22647.783,462.96,85597524,823,3292,131072,21846,19752
simple,delete,2,262144,4,8192,10,1275,10485,0.90,10485,10485,61674.747,170.00,86578210,823,3292,131072,21846,19752
simple,insert,2,1048576,4,256,10,1275,41943,0.90,41943,41943,49609.325,845.47,69935642,29,116,524288,7826,7772
simple,update,2,1048576,4,256,10,1275,41943,0.90,41943,41943,4308.991,9733.83,11991680,29,116,524288,7826,7772
simple,delete,2,1048576,4,256,10,1275,41943,0.90,41943,41943,4637.527,9044.26,13334534,29,116,524288,7826,7772
simple,insert,2,1048576,4,2048,10,1275,41943,0.90,41943,41943,133303.091,314.64,485914796,208,832,524288,20972,20800
simple,update,2,1048576,4,2048,10,1275,41943,0.90,41943,41943,23003.332,1823.34,86482530,208,832,524288,20972,20800
simple,delete,2,1048576,4,2048,10,1275,41943,0.90,41943,41943,24481.945,1713.22,88414144,208,832,524288,20972,20800
simple,insert,2,1048576,4,8192,10,1275,41943,0.90,41943,41943,1088021.155,38.55,1921677810,823,3292,524288,40330,42796
simple,update,2,1048576,4,8192,10,1275,41943,0.90,41943,41943,193705.793,216.53,342414780,823,3292,524288,40330,42796
simple,delete,2,1048576,4,8192,10,1275,41943,0.90,41943,41943,198078.469,211.75,346337374,823,3292,524288,40330,42796
simple,insert,4,1048576,1,256,10,1275,10485,0.90,10485,10485,12938.423,810.38,20938356,29,29,262144,2760,2755
simple,update,4,1048576,1,256,10,1275,10485,0.90,10485,10485,1782.246,5883.03,3081584,29,29,262144,2760,2755
simple,delete,4,1048576,1,256,10,1275,10485,0.90,10485,10485,1990.090,5268.61,3417330,29,29,262144,2760,2755
simple,insert,4,1048576,1,2048,10,1275,10485,0.90,10485,10485,57592.726,182.05,148405724,208,208,262144,7282,7488
simple,update,4,1048576,1,2048,10,1275,10485,0.90,10485,10485,8070.633,1299.15,21702954,208,208,262144,7282,7488
simple,delete,4,1048576,1,2048,10,1275,10485,0.90,10485,10485,9058.781,1157.44,22185890,208,208,262144,7282,7488
simple,insert,4,1048576,1,8192,10,1275,10485,0.90,10485,10485,263347.124,39.81,580634700,823,823,262144,14564,14814
simple,update,4,1048576,1,8192,10,1275,10485,0.90,10485,10485,39706.307,264.06,85681404,823,823,262144,14564,14814
simple,delete,4,1048576,1,8192,10,1275,10485,0.90,10485,10485,38989.420,268.92,86662090,823,823,262144,14564,14814
simple,insert,4,4194304,1,256,10,1275,41943,0.90,41943,41943,38470.361,1090.27,83278432,29,29,1048576,5519,5510
simple,update,4,4194304,1,256,10,1275,41943,0.90,41943,41943,5267.973,7961.89,12327224,29,29,1048576,5519,5510
simple,delete,4,4194304,1,256,10,1275,41943,0.90,41943,41943,5950.155,7049.06,13670078,29,29,1048576,5519,5510
simple,insert,4,4194304,1,2048,10,1275,41943,0.90,41943,41943,324462.557,129.27,580708368,208,208,1048576,14769,14768
simple,update,4,4194304,1,2048,10,1275,41943,0.90,41943,41943,45879.630,914.20,86818074,208,208,1048576,14769,14768
simple,delete,4,4194304,1,2048,10,1275,41943,0.90,41943,41943,45134.373,929.29,88749688,208,208,1048576,14769,14768
simple,insert,4,4194304,1,8192,10,1275,41943,0.90,41943,41943,878878.397,47.72,2275399072,823,823,1048576,29128,29628
simple,update,4,4194304,1,8192,10,1275,41943,0.90,41943,41943,127225.550,329.67,342750324,823,823,1048576,29128,29628
simple,delete,4,4194304,1,8192,10,1275,41943,0.90,41943,41943,129594.114,323.65,346672918,823,823,1048576,29128,29628
simple,insert,4,524288,2,256,10,1275,10485,0.90,10485,10485,2021.352,5187.12,7982268,29,58,131072,2731,2784
simple,update,4,524288,2,256,10,1275,10485,0.90,10485,10485,762.265,13755.06,3081584,29,58,131072,2731,2784
simple,delete,4,524288,2,256,10,1275,10485,0.90,10485,10485,837.929,12512.99,3417330,29,58,131072,2731,2784
simple,insert,4,524288,2,2048,10,1275,10485,0.90,10485,10485,25420.455,412.46,54186430,208,416,131072,7282,7488
simple,update,4,524288,2,2048,10,1275,10485,0.90,10485,10485,8020.335,1307.30,21702954,208,416,131072,7282,7488
simple,delete,4,524288,2,2048,10,1275,10485,0.90,10485,10485,9066.611,1156.44,22185890,208,416,131072,7282,7488
simple,insert,4,524288,2,8192,10,1275,10485,0.90,10485,10485,96613.874,108.52,211683396,823,1646,131072,14564,14814
simple,update,4,524288,2,8192,10,1275,10485,0.90,10485,10485,39153.752,267.79,85681404,823,1646,131072,14564,14814
simple,delete,4,524288,2,8192,10,1275,10485,0.90,10485,10485,38571.678,271.83,86662090,823,1646,131072,14564,14814
simple,insert,4,2097152,2,256,10,1275,41943,0.90,41943,41943,26959.646,1555.77,32220338,29,58,524288,5519,5510
simple,update,4,2097152,2,256,10,1275,41943,0.90,41943,41943,11080.465,3785.31,12327224,29,58,524288,5519,5510
simple,delete,4,2097152,2,256,10,1275,41943,0.90,41943,41943,5886.925,7124.77,13670078,29,58,524288,5519,5510
simple,insert,4,2097152,2,2048,10,1275,41943,0.90,41943,41943,83384.784,503.01,218337846,208,416,524288,14564,14976
simple,update,4,2097152,2,2048,10,1275,41943,0.90,41943,41943,31540.179,1329.83,86818074,208,416,524288,14564,14976
simple,delete,4,2097152,2,2048,10,1275,41943,0.90,41943,41943,31951.541,1312.71,88749688,208,416,524288,14564,14976
simple,insert,4,2097152,2,8192,10,1275,41943,0.90,41943,41943,325627.710,128.81,854566856,823,1646,524288,29128,29628
simple,update,4,2097152,2,8192,10,1275,41943,0.90,41943,41943,130256.237,322.00,342750324,823,1646,524288,29128,29628
simple,delete,4,2097152,2,8192,10,1275,41943,0.90,41943,41943,130201.915,322.14,346672918,823,1646,524288,29128,29628
simple,insert,3,786432,2,256,10,1275,15728,0.90,15728,15728,9308.569,1689.63,20640602,29,58,262144,3913,3886
simple,update,3,786432,2,256,10,1275,15728,0.90,15728,15728,1996.762,7876.75,4559612,29,58,262144,3913,3886
simple,delete,3,786432,2,256,10,1275,15728,0.90,15728,15728,2232.765,7044.18,5063116,29,58,262144,3913,3886
simple,insert,3,786432,2,2048,10,1275,15728,0.90,15728,15728,33881.379,464.21,143543670,208,416,262144,10486,10400
simple,update,3,786432,2,2048,10,1275,15728,0.90,15728,15728,7344.895,2141.35,32492562,208,416,262144,10486,10400
simple,delete,3,786432,2,2048,10,1275,15728,0.90,15728,15728,7493.348,2098.93,33216846,208,416,262144,10486,10400
simple,insert,3,786432,2,8192,10,1275,15728,0.90,15728,15728,450773.823,34.89,559342276,823,1646,262144,20165,21398
simple,update,3,786432,2,8192,10,1275,15728,0.90,15728,15728,88740.738,177.24,128463312,823,1646,262144,20165,21398
simple,delete,3,786432,2,8192,10,1275,15728,0.90,15728,15728,86087.086,182.70,129934206,823,1646,262144,20165,21398
simple,insert,3,1572864,2,256,10,1275,31457,0.90,31457,31457,19189.062,1639.32,41282874,29,58,524288,5519,5510
simple,update,3,1572864,2,256,10,1275,31457,0.90,31457,31457,3989.296,7885.35,9119516,29,58,524288,5519,5510
simple,delete,3,1572864,2,256,10,1275,31457,0.90,31457,31457,4437.932,7088.21,10126734,29,58,524288,5519,5510
simple,insert,3,1572864,2,2048,10,1275,31457,0.90,31457,31457,107069.560,293.80,285027968,208,416,524288,14564,14976
simple,update,3,1572864,2,2048,10,1275,31457,0.90,31457,31457,23641.675,1330.57,64987206,208,416,524288,14564,14976
simple,delete,3,1572864,2,2048,10,1275,31457,0.90,31457,31457,24361.376,1291.27,66435994,208,416,524288,14564,14976
simple,insert,3,1572864,2,8192,10,1275,31457,0.90,31457,31457,448808.546,70.09,1127713256,823,1646,524288,29128,29628
simple,update,3,1572864,2,8192,10,1275,31457,0.90,31457,31457,91089.162,345.34,256934856,823,1646,524288,29128,29628
simple,delete,3,1572864,2,8192,10,1275,31457,0.90,31457,31457,99193.754,317.13,259876884,823,1646,524288,29128,29628
simple,insert,3,393216,3,256,10,1275,11796,0.90,11796,11796,6061.993,1945.89,10028088,29,87,131072,3361,3393
simple,update,3,393216,3,256,10,1275,11796,0.90,11796,11796,1971.351,5983.71,3419776,29,87,131072,3361,3393
simple,delete,3,393216,3,256,10,1275,11796,0.90,11796,11796,2248.569,5246.00,3797342,29,87,131072,3361,3393
simple,insert,3,393216,3,2048,10,1275,11796,0.90,11796,11796,39346.682,299.80,67822704,208,624,131072,9363,8736
simple,update,3,393216,3,2048,10,1275,11796,0.90,11796,11796,14048.811,839.64,24369936,208,624,131072,9363,8736
simple,delete,3,393216,3,2048,10,1275,11796,0.90,11796,11796,13731.617,859.04,24912642,208,624,131072,9363,8736
simple,insert,3,393216,3,8192,10,1275,11796,0.90,11796,11796,165148.719,71.43,265175292,823,2469,131072,18725,17283
simple,update,3,393216,3,8192,10,1275,11796,0.90,11796,11796,59008.600,199.90,96349536,823,2469,131072,18725,17283
simple,delete,3,393216,3,8192,10,1275,11796,0.90,11796,11796,60751.879,194.17,97450662,823,2469,131072,18725,17283
simple,insert,3,1572864,3,256,10,1275,47185,0.90,47185,47185,17779.967,2653.83,39598756,29,87,524288,6722,6786
simple,update,3,1572864,3,256,10,1275,47185,0.90,47185,47185,5901.945,7994.82,13679128,29,87,524288,6722,6786
simple,delete,3,1572864,3,256,10,1275,47185,0.90,47185,47185,6880.215,6858.07,15190000,29,87,524288,6722,6786
simple,insert,3,1572864,3,2048,10,1275,47185,0.90,47185,47185,63707.561,740.65,270817582,208,624,524288,18079,18096
simple,update,3,1572864,3,2048,10,1275,47185,0.90,47185,47185,22323.489,2113.69,97479768,208,624,524288,18079,18096
simple,delete,3,1572864,3,2048,10,1275,47185,0.90,47185,47185,22622.538,2085.75,99652990,208,624,524288,18079,18096
simple,insert,3,1572864,3,8192,10,1275,47185,0.90,47185,47185,672040.085,70.21,1064200974,823,2469,524288,34953,37035
simple,update,3,1572864,3,8192,10,1275,47185,0.90,47185,47185,238813.433,197.58,385398168,823,2469,524288,34953,37035
simple,delete,3,1572864,3,8192,10,1275,47185,0.90,47185,47185,245116.652,192.50,389811250,823,2469,524288,34953,37035
simple,insert,4,524288,3,256,10,1275,15728,0.90,15728,15728,5571.857,2822.76,8955830,29,87,131072,3361,3393
simple,update,4,524288,3,256,10,1275,15728,0.90,15728,15728,2742.419,5735.08,4622524,29,87,131072,3361,3393
simple,delete,4,524288,3,256,10,1275,15728,0.90,15728,15728,2985.135,5268.77,5126028,29,87,131072,3361,3393
simple,insert,4,524288,3,2048,10,1275,15728,0.90,15728,15728,38700.250,406.41,60737188,208,624,131072,9363,8736
simple,update,4,524288,3,2048,10,1275,15728,0.90,15728,15728,18667.066,842.55,32555474,208,624,131072,9363,8736
simple,delete,4,524288,3,2048,10,1275,15728,0.90,15728,15728,18541.825,848.24,33279758,208,624,131072,9363,8736
simple,insert,4,524288,3,8192,10,1275,15728,0.90,15728,15728,215921.383,72.84,238626130,823,2469,131072,18725,17283
simple,update,4,524288,3,8192,10,1275,15728,0.90,15728,15728,80538.673,195.29,128526224,823,2469,131072,18725,17283
simple,delete,4,524288,3,8192,10,1275,15728,0.90,15728,15728,79526.379,197.77,129997118,823,2469,131072,18725,17283
simple,insert,4,1048576,3,256,10,1275,31457,0.90,31457,31457,10990.857,2862.11,18019944,29,87,262144,4767,4785
simple,update,4,1048576,3,256,10,1275,31457,0.90,31457,31457,5282.170,5955.32,9245344,29,87,262144,4767,4785
simple,delete,4,1048576,3,256,10,1275,31457,0.90,31457,31457,5980.202,5260.19,10252562,29,87,262144,4767,4785
simple,insert,4,1048576,3,2048,10,1275,31457,0.90,31457,31457,54823.214,573.79,121981826,208,624,262144,13108,12480
simple,update,4,1048576,3,2048,10,1275,31457,0.90,31457,31457,24734.569,1271.78,65113034,208,624,262144,13108,12480
simple,delete,4,1048576,3,2048,10,1275,31457,0.90,31457,31457,24111.850,1304.63,66561822,208,624,262144,13108,12480
simple,insert,4,1048576,3,8192,10,1275,31457,0.90,31457,31457,222894.071,141.13,478776852,823,2469,262144,26215,24690
simple,update,4,1048576,3,8192,10,1275,31457,0.90,31457,31457,117308.040,268.16,257060684,823,2469,262144,26215,24690
simple,delete,4,1048576,3,8192,10,1275,31457,0.90,31457,31457,116783.010,269.36,260002712,823,2469,262144,26215,24690
