backend,arity,num_buckets,bucket_size,num_keys,db_size,value_bits,plaintext_bits,fingerprint_bits,lwe_dim,batch,mean_qps,min_qps,max_qps,stddev_qps,query_bytes,cells_per_slot,row_width,segment_rows,db_rows,db_cols,load_factor
frodo,2,262144,4,1000000,1048576,256,9,32,1566,64,7435.67,576.85,8915.83,1125.61,1048588,32,128,131072,131072,128,0.9537
frodo,2,262144,4,1000000,1048576,2048,9,32,1566,64,8585.97,2942.34,11996.88,1009.54,1048588,232,928,131072,131072,928,0.9537
frodo,2,262144,4,1000000,1048576,8192,9,32,1566,64,7910.17,2683.12,11853.26,831.55,1048588,914,3656,131072,131072,3656,0.9537
frodo,4,1048576,1,1000000,1048576,256,9,32,1566,64,1338.06,460.22,2198.82,274.87,4194316,32,32,262144,262144,32,0.9537
frodo,4,1048576,1,1000000,1048576,2048,9,32,1566,64,1978.32,925.71,2249.97,168.14,4194316,232,232,262144,262144,232,0.9537
frodo,4,1048576,1,1000000,1048576,8192,9,32,1566,64,2134.31,1652.43,2885.73,151.60,4194316,914,914,262144,262144,914,0.9537
frodo,4,524288,2,1000000,1048576,256,9,32,1566,64,2158.99,725.02,4715.51,374.74,2097164,32,64,131072,131072,64,0.9537
frodo,4,524288,2,1000000,1048576,2048,9,32,1566,64,4215.93,2782.65,5161.44,276.95,2097164,232,464,131072,131072,464,0.9537
frodo,4,524288,2,1000000,1048576,8192,9,32,1566,64,4264.99,2967.36,5022.35,310.25,2097164,914,1828,131072,131072,1828,0.9537
frodo,3,786432,2,1500000,1572864,256,9,32,1566,64,1382.28,417.38,2683.23,215.46,3145740,32,64,262144,262144,64,0.9537
frodo,3,786432,2,1500000,1572864,2048,9,32,1566,64,2774.75,629.83,3269.36,302.00,3145740,232,464,262144,262144,464,0.9537
frodo,3,786432,2,1500000,1572864,8192,9,32,1566,64,2963.98,2298.48,4426.18,258.62,3145740,914,1828,262144,262144,1828,0.9537
frodo,4,524288,3,1500000,1572864,256,9,32,1566,64,3842.02,847.46,4361.29,395.99,2097164,32,96,131072,131072,96,0.9537
frodo,4,524288,3,1500000,1572864,2048,9,32,1566,64,4267.83,2257.74,4863.34,352.32,2097164,232,696,131072,131072,696,0.9537
frodo,4,524288,3,1500000,1572864,8192,9,32,1566,64,4336.41,3045.99,5958.59,330.90,2097164,914,2742,131072,131072,2742,0.9537
frodo,3,1572864,2,3000000,3145728,256,9,32,1566,64,850.77,258.38,1147.04,200.65,6291468,32,64,524288,524288,64,0.9537
frodo,3,1572864,2,3000000,3145728,2048,9,32,1566,64,1392.27,788.90,1578.51,121.19,6291468,232,464,524288,524288,464,0.9537
frodo,3,1572864,2,3000000,3145728,8192,9,32,1566,64,1398.20,1214.96,1638.89,89.53,6291468,914,1828,524288,524288,1828,0.9537
frodo,4,1048576,3,3000000,3145728,256,9,32,1566,64,1336.68,433.60,1751.28,276.86,4194316,32,96,262144,262144,96,0.9537
frodo,4,1048576,3,3000000,3145728,2048,9,32,1566,64,2146.33,1672.58,2463.60,144.05,4194316,232,696,262144,262144,696,0.9537
frodo,4,1048576,3,3000000,3145728,8192,9,32,1566,64,2130.34,1701.90,2414.70,140.80,4194316,914,2742,262144,262144,2742,0.9537
frodo,2,1048576,4,4000000,4194304,256,9,32,1566,64,1036.84,395.65,1502.64,286.52,4194316,32,128,524288,524288,128,0.9537
frodo,2,1048576,4,4000000,4194304,2048,9,32,1566,64,2069.43,1487.23,2298.06,122.86,4194316,232,928,524288,524288,928,0.9537
frodo,2,1048576,4,4000000,4194304,8192,9,32,1566,64,2106.01,1496.05,2459.06,150.12,4194316,914,3656,524288,524288,3656,0.9537
frodo,4,4194304,1,4000000,4194304,256,9,32,1566,64,352.76,126.95,535.88,67.67,16777228,32,32,1048576,1048576,32,0.9537
frodo,4,4194304,1,4000000,4194304,2048,9,32,1566,64,353.92,50.95,570.60,75.85,16777228,232,232,1048576,1048576,232,0.9537
frodo,4,4194304,1,4000000,4194304,8192,9,32,1566,64,549.37,465.16,603.12,28.86,16777228,914,914,1048576,1048576,914,0.9537
frodo,4,2097152,2,4000000,4194304,256,9,32,1566,64,678.21,205.90,1086.86,139.09,8388620,32,64,524288,524288,64,0.9537
frodo,4,2097152,2,4000000,4194304,2048,9,32,1566,64,763.10,423.01,1065.17,171.88,8388620,232,464,524288,524288,464,0.9537
frodo,4,2097152,2,4000000,4194304,8192,9,32,1566,64,1064.85,678.31,1213.30,87.96,8388620,914,1828,524288,524288,1828,0.9537
simple,2,262144,4,1000000,1048576,256,10,32,1275,64,279829.78,125610.39,323852.70,30126.50,30860,29,116,131072,3856,3944,0.9537
simple,2,262144,4,1000000,1048576,2048,10,32,1275,64,139583.96,7272.37,179505.52,19904.41,80676,208,832,131072,10083,10816,0.9537
simple,2,262144,4,1000000,1048576,8192,10,32,1275,64,65129.59,3488.90,93536.48,10704.65,174780,823,3292,131072,21846,19752,0.9537
simple,4,1048576,1,1000000,1048576,256,10,32,1275,64,170690.55,112994.35,226950.35,17443.35,44172,29,29,262144,2760,2755,0.9537
simple,4,1048576,1,1000000,1048576,2048,10,32,1275,64,86396.95,10481.08,114572.55,12645.41,116524,208,208,262144,7282,7488,0.9537
simple,4,1048576,1,1000000,1048576,8192,10,32,1275,64,45330.73,8751.97,65120.73,5835.40,233036,823,823,262144,14564,14814,0.9537
simple,4,524288,2,1000000,1048576,256,10,32,1275,64,173705.78,85763.29,199237.29,16468.07,43708,29,58,131072,2731,2784,0.9537
simple,4,524288,2,1000000,1048576,2048,10,32,1275,64,87240.19,13042.23,119309.50,13282.53,116524,208,416,131072,7282,7488,0.9537
simple,4,524288,2,1000000,1048576,8192,10,32,1275,64,31125.47,5182.42,47438.33,12483.03,233036,823,1646,131072,14564,14814,0.9537
simple,3,786432,2,1500000,1572864,256,10,32,1275,64,190415.78,107526.88,218752.94,17039.48,46968,29,58,262144,3913,3886,0.9537
simple,3,786432,2,1500000,1572864,2048,10,32,1275,64,84995.18,8885.14,108305.69,10493.85,125844,208,416,262144,10486,10400,0.9537
simple,3,786432,2,1500000,1572864,8192,10,32,1275,64,40511.43,4820.55,58330.99,7538.30,241992,823,1646,262144,20165,21398,0.9537
simple,4,524288,3,1500000,1572864,256,10,32,1275,64,150592.67,40218.79,184270.63,17783.31,53788,29,87,131072,3361,3393,0.9537
simple,4,524288,3,1500000,1572864,2048,10,32,1275,64,63780.63,4681.28,90899.41,10695.93,149820,208,624,131072,9363,8736,0.9537
simple,4,524288,3,1500000,1572864,8192,10,32,1275,64,26950.19,4631.99,46756.28,4871.93,299612,823,2469,131072,18725,17283,0.9537
simple,3,1572864,2,3000000,3145728,256,10,32,1275,64,140282.91,41878.24,186271.23,16531.88,66240,29,58,524288,5519,5510,0.9537
simple,3,1572864,2,3000000,3145728,2048,10,32,1275,64,64255.30,5042.36,86921.68,9335.22,174780,208,416,524288,14564,14976,0.9537
simple,3,1572864,2,3000000,3145728,8192,10,32,1275,64,28901.62,1754.94,46210.39,5179.51,349548,823,1646,524288,29128,29628,0.9537
simple,4,1048576,3,3000000,3145728,256,10,32,1275,64,114484.09,76712.33,139976.07,10386.27,76284,29,87,262144,4767,4785,0.9537
simple,4,1048576,3,3000000,3145728,2048,10,32,1275,64,47399.34,4816.80,69990.87,6449.80,209740,208,624,262144,13108,12480,0.9537
simple,4,1048576,3,3000000,3145728,8192,10,32,1275,64,23216.54,1932.42,34278.49,3851.16,419452,823,2469,262144,26215,24690,0.9537
simple,2,1048576,4,4000000,4194304,256,10,32,1275,64,174898.04,10755.58,211006.81,24868.32,62620,29,116,524288,7826,7772,0.9537
simple,2,1048576,4,4000000,4194304,2048,10,32,1275,64,58543.70,2868.51,76354.09,9287.50,167788,208,832,524288,20972,20800,0.9537
simple,2,1048576,4,4000000,4194304,8192,10,32,1275,64,31973.35,2706.84,46380.34,6018.60,322652,823,3292,524288,40330,42796,0.9537
simple,4,4194304,1,4000000,4194304,256,10,32,1275,64,98597.26,66361.40,135272.24,11004.47,88316,29,29,1048576,5519,5510,0.9537
simple,4,4194304,1,4000000,4194304,2048,10,32,1275,64,35749.15,2922.40,59611.46,6067.57,236316,208,208,1048576,14769,14768,0.9537
simple,4,4194304,1,4000000,4194304,8192,10,32,1275,64,22051.19,3280.79,30432.43,3989.09,466060,823,823,1048576,29128,29628,0.9537
simple,4,2097152,2,4000000,4194304,256,10,32,1275,64,108636.46,74183.98,146671.25,11050.52,88316,29,58,524288,5519,5510,0.9537
simple,4,2097152,2,4000000,4194304,2048,10,32,1275,64,33407.71,5905.10,58242.71,5438.34,233036,208,416,524288,14564,14976,0.9537
simple,4,2097152,2,4000000,4194304,8192,10,32,1275,64,21226.12,2876.42,28218.69,4119.92,466060,823,1646,524288,29128,29628,0.9537
